Timestamp,Actual_Azimuth,Predicted_Azimuth
1585450200.0,67.217244,67.08913
1581412800.0,257.896987,258.34598
1585125000.0,277.154105,277.70282
1578579000.0,229.301854,229.56906
1578268800.0,111.223989,111.304184
1579576200.0,121.276948,121.66961
1581930000.0,260.384378,260.75497
1584202200.0,215.559104,215.84991
1578880200.0,113.401446,113.70301
1585386000.0,276.920403,277.47375
1581478800.0,112.245724,112.41317
1578543600.0,164.999557,165.4594
1584678600.0,12.536855,12.902322
1583446200.0,96.654075,96.89731
1578064200.0,213.272848,213.56229
1578997800.0,249.068995,249.5116
1585656600.0,271.304239,271.80438
1582243200.0,98.681084,98.94375
1580244000.0,114.667975,114.80881
1585624200.0,60.37459,59.835052
1580441400.0,120.23727,120.60732
1583968200.0,92.174735,92.4226
1581532200.0,129.194462,129.39456
1581736800.0,105.319837,105.47529
1583994600.0,278.342995,278.83328
1578378000.0,237.065785,237.47745
1585104000.0,72.274132,72.43143
1578578400.0,231.084342,231.33253
1585402800.0,266.473793,266.91577
1581451800.0,113.006504,113.24431
1581811800.0,100.390721,100.66503
1583428800.0,144.092717,144.30397
1584972000.0,262.42278,262.88977
1581526200.0,175.927382,176.26141
1580721600.0,255.211521,255.69179
1581871200.0,182.584849,182.88208
1585564200.0,274.131364,274.70306
1579329000.0,241.534504,241.82845
1580137200.0,223.454147,223.98326
1578340200.0,123.712566,123.84409
1580692200.0,105.026856,105.40802
1582391400.0,159.631165,159.92142
1584043800.0,99.525104,99.698555
1585092600.0,86.157844,86.45798
1584453600.0,258.954519,259.4141
1580498400.0,123.354159,123.589386
1582836000.0,103.999063,104.17914
1583326800.0,257.326776,257.76797
1583817000.0,297.620138,298.17252
1581322200.0,257.744019,258.11557
1584429000.0,278.219259,278.74136
1584778800.0,275.901339,276.45926
1585109400.0,33.017667,33.1937
1581112800.0,106.78815,106.96651
1579887600.0,152.221926,152.54648
1583671800.0,259.706277,260.15213
1582357200.0,263.280543,263.77255
1579631400.0,136.365191,136.67938
1585083000.0,91.865928,92.17574
1579801800.0,148.494118,148.8091
1584834600.0,86.624899,86.91006
1578943200.0,127.30612,127.58379
1585411800.0,233.440894,233.8217
1582300200.0,215.791139,216.07106
1585264200.0,86.103127,86.41526
1582833000.0,108.111957,108.31698
1580116800.0,253.129324,253.60626
1581811200.0,100.560909,100.83249
1579108200.0,165.39661,165.64769
1582830600.0,113.013983,113.314514
1581735000.0,102.497548,102.68042
1579434000.0,247.321505,247.74896
1583055000.0,264.889134,265.30875
1580776800.0,104.452362,104.79448
1581990600.0,98.936199,99.15435
1577841600.0,113.861787,113.810036
1582703400.0,265.265368,265.76804
1581165000.0,249.850287,250.22383
1583544000.0,90.083365,90.270096
1579227600.0,114.839768,115.22403
1582695600.0,264.98156,265.47766
1581115200.0,105.22711,105.45144
1578864600.0,114.342564,114.54198
1584574800.0,88.265087,88.532455
1582226400.0,115.2279,115.50023
1582319400.0,104.545116,104.71279
1579390200.0,109.219458,109.466034
1582413600.0,98.901003,99.15994
1582501200.0,97.99465,98.26244
1584100800.0,264.323157,264.72723
1580152200.0,126.249217,126.48938
1578393000.0,247.944637,248.34135
1579621200.0,208.053764,208.46095
1583368800.0,92.295458,92.50644
1584444600.0,267.095449,267.50705
1581475200.0,103.869159,104.114265
1581271800.0,136.524731,136.93071
1584320400.0,86.364812,86.61277
1584561000.0,97.727822,97.93101
1582297200.0,234.594049,235.02803
1583037600.0,43.188119,45.887875
1580923200.0,159.295188,159.66862
1580455800.0,252.537174,252.98589
1585057800.0,263.688004,264.14905
1584528600.0,268.900504,269.38736
1579626000.0,170.430814,170.86183
1585489800.0,266.524527,266.97537
1582846200.0,96.718183,96.98685
1579126800.0,111.539079,111.652275
1585119000.0,285.128924,285.6065
1581570600.0,228.322719,228.81136
1584261000.0,272.730246,273.29352
1585643400.0,279.712065,280.23203
1585487400.0,268.322643,268.7143
1580742000.0,226.168751,226.69865
1584122400.0,116.535363,116.83196
1585225200.0,268.877664,269.30005
1582113000.0,256.016554,256.44788
1583784600.0,101.006559,101.17185
1582398000.0,117.42259,117.67389
1578885000.0,125.183502,125.457375
1582999200.0,128.106277,128.39865
1585080000.0,94.019801,94.31123
1578829800.0,245.333374,245.69136
1581984600.0,99.636634,99.90543
1581450600.0,115.20532,115.45673
1579353000.0,240.105383,240.45659
1578162000.0,140.443279,140.52286
1580512200.0,106.422141,106.6761
1581703200.0,137.731051,138.1243
1577896200.0,181.349514,181.3608
1584481200.0,92.941048,93.19575
1582164600.0,98.004247,98.17741
1581427800.0,245.574834,245.95013
1578812400.0,244.116589,244.6276
1583386200.0,278.821928,279.28897
1578442800.0,111.084831,111.218346
1580293200.0,252.775001,253.22816
1578300000.0,248.53053,248.99031
1585534200.0,73.072041,73.06873
1581571200.0,236.955545,237.48004
1580831400.0,208.676131,209.04552
1583644200.0,293.124644,293.65424
1580358000.0,151.314768,151.69492
1584434400.0,273.198551,273.76263
1580953800.0,104.723814,105.0847
1582218000.0,167.547068,167.8936
1580359800.0,189.942438,190.40091
1579868400.0,246.067837,246.49097
1580654400.0,230.760236,231.27435
1584166200.0,282.599815,283.0764
1585522200.0,85.637103,85.96776
1578660600.0,240.373317,240.62827
1580151000.0,130.22955,130.4736
1584369600.0,253.688471,254.1388
1585065000.0,242.211321,242.67656
1579672200.0,232.852432,233.23717
1583687400.0,148.892346,149.17592
1584069600.0,76.414825,76.76308
1585097400.0,82.508835,82.75124
1584447600.0,265.089395,265.48334
1580295000.0,251.913004,252.35248
1579651200.0,108.278764,108.60018
1583033400.0,89.662338,89.6418
1580488800.0,181.668429,182.00311
1584082200.0,277.259754,277.768
1578666600.0,225.503053,225.81055
1580777400.0,104.481691,104.832695
1581502800.0,257.037012,257.51413
1583798400.0,91.353582,91.58673
1579761000.0,243.360214,243.57552
1584119400.0,143.152487,143.3737
1583203200.0,89.68065,89.76927
1585492200.0,264.04107,264.5281
1583628600.0,90.604987,90.81187
1585395000.0,271.39243,271.90588
1581143400.0,252.063541,252.47348
1579503000.0,245.124479,245.50185
1581684000.0,251.215177,251.59923
1579682400.0,251.655041,252.14381
1578357600.0,111.558873,111.676956
1579217400.0,109.620561,109.85245
1580404200.0,165.349837,165.76796
1580684400.0,106.111169,106.35545
1579675800.0,245.817853,246.16843
1584811800.0,118.102823,118.42216
1584143400.0,90.002045,90.24652
1579369200.0,152.797889,153.07602
1582297800.0,231.751078,232.15437
1579550400.0,120.5568,120.83344
1582877400.0,265.906231,266.40527
1578505200.0,152.915696,153.03773
1585513800.0,90.3438,90.72829
1581934800.0,258.738057,259.19937
1583316000.0,265.200372,265.60037
1585180800.0,84.511727,84.77981
1581777600.0,236.371783,236.81213
1578630600.0,173.581622,174.05244
1581488400.0,253.798,254.25113
1584978600.0,240.857059,241.2998
1582466400.0,246.998792,247.36276
1580794200.0,232.270446,232.8486
1579176000.0,245.511887,245.90097
1582412400.0,99.484936,99.735756
1581405600.0,257.209625,257.67136
1583353200.0,102.70048,102.879074
1583449800.0,94.572999,94.82272
1578687600.0,119.968462,120.168945
1581243000.0,256.305963,256.78485
1578462600.0,229.028851,229.50517
1579713600.0,160.979363,161.29268
1584403800.0,87.989086,88.246155
1584789000.0,269.359438,269.84656
1577857800.0,228.619545,229.15791
1579042200.0,110.762596,110.90427
1581396600.0,193.449426,193.7489
1585548000.0,298.239199,298.65775
1580115600.0,253.16618,253.6528
1584370200.0,252.07029,252.52016
1581280800.0,111.018639,111.19055
1583101200.0,97.839694,98.08635
1578883200.0,118.911995,119.24667
1582345800.0,127.565353,127.225586
1584167400.0,279.922135,280.4129
1583031600.0,90.665249,90.690865
1579636800.0,120.350679,120.63118
1577865000.0,246.396588,246.86292
1583993400.0,280.741839,281.2173
1583973600.0,89.094258,89.3207
1581454800.0,108.846905,108.99929
1579284000.0,145.734585,146.0205
1583755200.0,262.726969,263.1512
1581901800.0,99.371562,99.63082
1583548800.0,86.567518,86.71886
1583070000.0,252.619874,253.02948
1582858800.0,92.445948,92.44638
1578143400.0,237.187854,237.30424
1578798000.0,123.128995,123.3969
1584018600.0,260.226628,260.67157
1583268600.0,101.214777,101.40893
1579896600.0,118.549012,118.8259
1577874600.0,247.255662,247.56078
1582511400.0,95.629827,95.73172
1582942200.0,92.580455,92.69086
1582132200.0,160.937753,161.2264
1584928200.0,79.487959,79.76535
1583467800.0,72.933928,73.56341
1582835400.0,104.698221,104.87498
1580509800.0,107.607697,107.81498
1581522600.0,211.754196,212.07071
1585287000.0,307.405204,307.89172
1583156400.0,253.092223,253.50526
1578023400.0,146.147429,146.40381
1583953200.0,106.440295,106.67269
1579856400.0,252.337924,252.8185
1582824600.0,143.632376,143.88931
1580395800.0,227.216037,227.7858
1580055600.0,191.487987,191.96648
1584595800.0,299.290693,299.80652
1585002000.0,89.071349,89.35054
1581750600.0,259.081342,259.57974
1579617600.0,226.441904,226.9299
1580304000.0,242.13873,242.52954
1582445400.0,263.536729,264.00568
1579457400.0,142.326252,142.64964
1582728600.0,239.818733,240.24184
1578201600.0,215.214835,215.50229
1579889400.0,141.486713,141.87987
1580440200.0,115.326952,115.74983
1580736600.0,242.652879,243.04259
1579684800.0,251.823064,252.28886
1585606200.0,86.615774,86.98231
1578285000.0,175.370394,175.76909
1585302000.0,274.82542,275.3924
1582026600.0,255.66245,256.09293
1582274400.0,262.272188,262.68472
1582636800.0,252.287107,252.68733
1583691600.0,115.672286,115.96645
1580908800.0,244.471076,244.85641
1581390000.0,106.208294,106.46942
1583675400.0,255.051093,255.48743
1584039000.0,107.109278,107.32842
1580784600.0,109.740895,110.16048
1581739800.0,121.545935,121.63159
1583838600.0,265.135922,265.48508
1585612200.0,82.850659,83.11451
1579060200.0,139.85371,140.2988
1581439800.0,175.994167,176.33376
1578501000.0,182.834943,182.99834
1585011000.0,82.985842,83.23296
1581270600.0,143.952794,144.31647
1580763000.0,112.166118,112.32472
1578048600.0,246.824103,247.13702
1583436000.0,107.671266,107.90604
1577967600.0,241.717526,241.85008
1579429800.0,250.070328,250.51917
1578129000.0,248.588287,249.02382
1578211200.0,247.255143,247.7323
1578832200.0,242.537914,242.84657
1581672000.0,258.973616,259.4012
1577945400.0,234.346577,234.80695
1580147400.0,147.804146,148.1237
1581345000.0,236.184526,236.6314
1579863600.0,250.271655,250.7169
1578793800.0,113.663227,113.936714
1580998800.0,236.422955,236.86447
1585070400.0,118.446996,118.767395
1578010800.0,111.734382,111.74458
1584507600.0,321.770758,322.463
1581910800.0,106.551873,106.59809
1579979400.0,126.769581,127.020996
1584858000.0,287.576099,288.04562
1582986000.0,247.118157,247.5164
1580670000.0,126.322709,126.53194
1580084400.0,106.932615,107.290535
1580447400.0,213.816736,214.19362
1578188400.0,114.481689,114.53501
1585143600.0,264.846486,265.29788
1581067800.0,256.397925,256.8701
1582023600.0,257.801283,258.25568
1579009800.0,233.903489,234.21025
1585148400.0,257.617469,258.09848
1581637200.0,101.664361,101.931114
1583940000.0,241.064423,241.53217
1578880800.0,114.182943,114.47501
1584601800.0,279.4114,279.9306
1583568000.0,270.098082,270.63257
1585453200.0,50.28612,49.464794
1581844200.0,259.862634,260.2594
1581963600.0,129.445308,129.6567
1581771600.0,250.012873,250.3839
1582866600.0,267.463951,267.91806
1584470400.0,104.861299,105.06291
1582473000.0,216.799548,217.08684
1580734200.0,246.660179,247.05365
1583641800.0,38.887644,41.22006
1579609800.0,244.554568,244.95737
1578067800.0,190.660892,190.89482
1579319400.0,137.974124,138.45503
1584054000.0,92.108919,92.35895
1583044200.0,269.285863,269.7947
1585032600.0,284.507869,284.9914
1580659800.0,198.349499,198.70453
1581730200.0,100.275496,100.53955
1579729200.0,112.002644,112.11531
1580682600.0,107.052553,107.26249
1584471000.0,103.572852,103.762726
1582347000.0,214.103303,214.20827
1584471600.0,102.437661,102.61636
1579978800.0,128.665915,128.91481
1581867000.0,222.241023,222.70514
1582889400.0,260.204772,260.6251
1583029800.0,91.466765,91.544815
1579869000.0,245.328866,245.74498
1578555000.0,246.181137,246.72438
1580271600.0,152.168063,152.55849
1583083200.0,147.589569,147.87924
1583684400.0,202.22488,202.48906
1579312200.0,111.962872,112.339165
1583369400.0,92.004451,92.207985
1578693000.0,113.559709,113.74769
1578509400.0,133.324077,133.51237
1583276400.0,95.681163,95.935905
1579305000.0,109.2276,109.51181
1580175600.0,108.031019,108.44726
1583078400.0,214.775503,215.02492
1582790400.0,265.607998,266.10873
1582806600.0,256.80342,257.23264
1584351600.0,270.526636,271.06134
1579732800.0,109.492215,109.67352
1579552200.0,117.413397,117.66292
1578483600.0,245.22879,245.54747
1583110800.0,93.132812,93.33206
1578432600.0,114.954392,115.151024
1585663200.0,267.19405,267.65146
1581208800.0,102.679122,102.991554
1583340600.0,170.994496,171.36374
1581430800.0,238.496545,238.91736
1584484200.0,91.135624,91.393074
1581687600.0,245.601745,245.97536
1582420800.0,96.553487,96.77669
1583604000.0,122.20957,122.590256
1578019200.0,121.946238,122.02533
1584007200.0,268.28871,268.7749
1579413600.0,234.965665,235.22957
1581712200.0,110.035522,110.20482
1579952400.0,248.76221,249.20654
1578076200.0,137.933321,138.08029
1579872600.0,239.42679,239.80507
1580007000.0,114.801014,115.30925
1579509600.0,251.14917,251.6307
1582912800.0,128.877692,129.15762
1579499400.0,232.025132,232.39075
1583250000.0,227.178376,227.56909
1583516400.0,131.301221,131.54482
1581639600.0,100.993001,101.27695
1579195200.0,161.032296,161.26375
1585495200.0,258.245737,258.73703
1580644200.0,250.445087,250.85985
1580001600.0,108.03246,108.44258
1585628400.0,15.753106,13.313219
1578052800.0,243.30101,243.4923
1579657800.0,110.662472,111.07274
1580695200.0,106.458989,106.84419
1578473400.0,248.945478,249.40793
1582219800.0,148.207906,148.50261
1581497400.0,258.557357,258.96716
1579237200.0,200.502785,200.85687
1584067800.0,80.778462,81.086235
1579228200.0,116.016022,116.40798
1584059400.0,89.007918,89.24118
1584862200.0,279.48809,280.01273
1579614600.0,235.813319,236.18228
1581242400.0,256.531769,257.00903
1584719400.0,237.084773,237.4717
1585672800.0,154.802891,154.93903
1583007000.0,105.337069,105.51907
1581994800.0,100.873261,100.98763
1578606000.0,114.186399,114.3856
1578367200.0,130.751978,130.9803
1580907600.0,246.441558,246.82751
1583608200.0,107.706011,107.95572
1578294600.0,244.103311,244.66972
1578159600.0,152.705449,152.70122
1577940600.0,194.502081,194.747
1580502000.0,115.669076,115.82975
1582250400.0,97.377987,97.55771
1582593600.0,95.591933,95.80107
1580584800.0,123.038167,123.27008
1578633600.0,215.21866,215.4352
1585195800.0,31.700575,31.40603
1582430400.0,102.098583,101.937965
1578156600.0,172.984895,173.16222
1584283200.0,253.002938,253.44948
1584132600.0,96.798827,97.00589
1577985000.0,164.046076,163.93512
1584949200.0,279.268677,279.79742
1582128600.0,203.505882,203.75502
1579078200.0,250.154941,250.63017
1581634800.0,102.665031,102.90397
1579633800.0,127.682928,127.94722
1582951200.0,76.598768,77.01496
1584303600.0,97.45066,97.65032
1583632200.0,88.394471,88.580315
1582587600.0,97.610397,97.88298
1585056600.0,264.87796,265.32285
1583284200.0,91.903972,92.09098
1584185400.0,265.926421,266.29565
1578460200.0,208.715555,208.90128
1578147600.0,226.240946,226.39148
1580167200.0,107.280928,107.54355
1584725400.0,119.546451,119.91127
1577917800.0,112.880453,113.01883
1584997200.0,91.922018,92.22211
1583539800.0,92.312875,92.54084
1581880800.0,117.138619,117.38188
1580439600.0,113.547817,114.03428
1582644600.0,227.078272,227.47075
1582615200.0,265.057894,265.57303
1578082800.0,120.574409,120.68067
1584352200.0,270.181165,270.70804
1578859800.0,120.758632,120.97497
1578106800.0,125.953019,126.09409
1582392000.0,152.988328,153.35419
1582767000.0,94.4394,94.62041
1581935400.0,258.448839,258.91037
1584336000.0,300.902071,301.44763
1578541800.0,143.228739,143.54094
1581981600.0,100.725291,100.97601
1581508200.0,253.601017,254.02292
1583500800.0,256.737495,257.17484
1579987800.0,111.885944,112.00495
1583740200.0,271.487725,272.02866
1584639000.0,120.965177,121.3641
1584449400.0,263.662268,264.08505
1582788600.0,266.096821,266.61215
1580992200.0,249.191119,249.57579
1585228800.0,266.407676,266.83344
1581826800.0,128.814431,128.76288
1579573200.0,113.358594,113.81255
1582781400.0,266.155233,266.63663
1580047200.0,235.824575,236.22621
1582674600.0,96.966925,97.24029
1582410600.0,100.485777,100.71901
1581790800.0,130.515967,130.73805
1581411000.0,258.179457,258.59784
1583457000.0,90.918458,91.10796
1581549000.0,102.720697,102.96832
1577908200.0,123.971089,124.018585
1583618400.0,96.245582,96.48572
1580619600.0,203.962016,204.37817
1584589200.0,62.908699,63.453506
1578360000.0,112.936276,113.069115
1582844400.0,97.611702,97.87921
1583661000.0,267.054413,267.5162
1580058600.0,165.570575,165.98947
1583536800.0,93.857038,94.10358
1583825400.0,272.899798,273.43475
1584591600.0,30.01835,31.113646
1582771800.0,93.386595,93.411064
1580412000.0,123.660042,123.89852
1584948600.0,280.016883,280.53754
1580821200.0,246.106988,246.49585
1581399000.0,240.02006,240.51906
1582957200.0,268.65418,269.16168
1580110800.0,251.500351,251.9926
1580124600.0,249.77704,250.22163
1581417000.0,256.429371,256.90848
1584078600.0,285.403635,285.87466
1580523000.0,107.898944,108.305725
1584603000.0,277.880127,278.41434
1584345000.0,275.084066,275.63535
1584312600.0,91.245549,91.502174
1579222800.0,110.05393,110.37952
1581367800.0,109.902846,110.06161
1579736400.0,108.204342,108.49004
1582171800.0,111.921945,111.73893
1584754200.0,82.121687,82.366684
1579524600.0,242.609576,242.99057
1581108600.0,110.909425,111.071236
1583219400.0,269.531395,270.04965
1578051000.0,245.081695,245.32446
1579408200.0,169.276922,169.86115
1579809600.0,119.911908,120.1958
1578807000.0,221.030126,221.32529
1577926800.0,112.83215,112.820526
1581543600.0,106.139459,106.30528
1580059200.0,160.743024,161.08868
1581094800.0,170.140463,170.59105
1584665400.0,84.898807,85.14653
1583911200.0,273.985334,274.51566
1582925400.0,100.736343,100.95798
1578286200.0,193.355456,193.63625
1581224400.0,209.500343,209.81085
1580252400.0,107.48028,107.71658
1585335000.0,96.417327,96.686905
1580712600.0,251.169224,251.52142
1583472000.0,283.466975,283.94397
1582423800.0,96.240186,96.39015
1580637000.0,254.526835,255.0046
1580629800.0,254.118691,254.56111
1584455400.0,255.747418,256.20316
1584825000.0,92.404857,92.685715
1580296800.0,250.76657,251.20383
1579837200.0,129.03898,129.49545
1585372800.0,314.008412,314.52188
1582602000.0,96.273941,96.16969
1581328200.0,257.066327,257.5384
1581319800.0,257.022833,257.45758
1579344000.0,249.572845,250.02054
1584942600.0,295.59649,296.07037
1584707400.0,265.921886,266.30405
1580367000.0,249.164809,249.4414
1582256400.0,101.584625,101.529
1578117600.0,231.827166,232.2999
1579269600.0,233.10004,233.44963
1578486600.0,241.801182,242.04688
1578531000.0,111.471016,111.64022
1579913400.0,107.704181,108.099846
1582992600.0,207.371933,207.59955
1582953600.0,270.171739,270.63315
1584908400.0,94.062087,94.335655
1580548800.0,254.58869,255.07135
1579110000.0,152.93661,153.18034
1584160800.0,356.794548,357.33673
1584334800.0,319.219519,319.90936
1582733400.0,206.105862,206.323
1582209600.0,238.812346,239.22112
1580904600.0,250.20185,250.59375
1584841200.0,80.861892,81.1241
1579645200.0,110.396853,110.54991
1577943000.0,220.588472,221.04124
1580030400.0,252.855324,253.32904
1582912200.0,132.84483,133.04462
1582860600.0,92.141151,92.062416
1582667400.0,100.974307,101.19533
1585220400.0,271.614138,272.15253
1585341600.0,90.895331,91.24641
1584322200.0,84.857799,85.08905
1579447200.0,214.600678,215.05823
1583643000.0,323.068303,323.8812
1582385400.0,225.368621,225.79324
1583178000.0,107.108684,107.315125
1577866800.0,247.556163,248.0045
1584103200.0,262.429392,262.86172
1578741600.0,246.73124,247.11269
1583936400.0,253.29262,253.72656
1584870000.0,272.884799,273.4442
1583251200.0,215.930789,216.20363
1584492000.0,86.308203,86.568794
1582757400.0,98.312513,98.58071
1578528600.0,110.850357,110.99697
1585381200.0,281.761805,282.261
1579026600.0,137.386468,137.68991
1583038800.0,276.178317,276.63037
1580601600.0,105.280263,105.59237
1578373800.0,208.784949,208.96959
1585100400.0,79.157091,79.3951
1578259200.0,115.732447,115.92327
1580088000.0,107.700171,108.112076
1580461800.0,254.339852,254.82411
1580991000.0,250.51776,250.90283
1583491800.0,264.338129,264.68216
1580785200.0,111.028891,111.47365
1579048200.0,109.944995,110.22137
1584347400.0,273.179262,273.74442
1579069800.0,240.643629,240.9816
1581058200.0,253.376304,253.80208
1579496400.0,200.579146,200.95634
1578810600.0,239.902499,240.28035
1580969400.0,247.62482,248.00648
1582118400.0,249.77745,250.15297
1578074400.0,146.071518,145.98834
1583724600.0,79.428605,79.77708
1581266400.0,182.379042,182.71461
1583554200.0,70.178391,71.029396
1582340400.0,97.606948,97.66068
1584442800.0,268.171368,268.6308
1584037200.0,112.360444,112.632126
1579920600.0,115.31351,115.81186
1584550200.0,159.676121,159.75558
1582315200.0,109.909273,110.11913
1578394800.0,246.955899,247.32372
1582096800.0,261.577339,262.07785
1578667800.0,220.721156,221.10077
1582241400.0,99.377367,99.6326
1580607600.0,106.096832,106.49099
1583474400.0,275.865275,276.33945
1580128200.0,246.149827,246.56873
1579300200.0,110.830427,110.96337
1579738200.0,108.004641,108.3475
1580812200.0,254.23382,254.70119
1583917200.0,269.870692,270.41013
1577987400.0,149.169761,149.03752
1578908400.0,249.794279,250.24963
1578897600.0,241.767004,242.18015
1584927600.0,80.292692,80.56454
1581444600.0,135.635741,136.01161
1583232000.0,263.555253,263.91055
1583506800.0,242.97286,243.40254
1582802400.0,260.246409,260.66235
1581660000.0,252.675417,253.12247
1577926200.0,112.493311,112.4784
1580653800.0,232.910188,233.38715
1578788400.0,110.424454,110.63557
1580658000.0,212.223198,212.62135
1585614600.0,80.857221,81.08368
1579231800.0,129.506711,129.88823
1580195400.0,250.077049,250.45956
1584085200.0,274.048172,274.59406
1585027200.0,310.393576,310.93155
1577956800.0,248.393462,248.80278
1581598800.0,249.267125,249.63383
1581877200.0,129.988008,130.20483
1583939400.0,243.98198,244.43654
1582581000.0,101.354004,101.568504
1582642200.0,239.259505,239.68628
1583488800.0,265.969124,266.3935
1583074800.0,239.767507,240.19908
1582472400.0,221.676221,222.08347
1578911400.0,248.888077,249.32709
1583914800.0,271.298556,271.85065
1580305800.0,238.336227,238.73305
1582396800.0,121.41888,121.66437
1584000000.0,272.590664,273.14413
1585176600.0,87.228564,87.53602
1578672600.0,192.35355,192.73732
1579801200.0,152.347383,152.66797
1577886600.0,231.179582,231.2267
1580911800.0,237.773993,238.19601
1582516800.0,100.195112,100.00179
1578834000.0,239.778135,240.05666
1582770000.0,93.688639,93.78122
1583610000.0,104.449616,104.62863
1581525000.0,189.022398,189.40248
1585331400.0,103.737999,103.88411
1583601000.0,149.885715,150.2024
1584194400.0,257.267818,257.7193
1584854400.0,308.331159,308.87695
1578781800.0,111.817013,111.951744
1580647800.0,246.339734,246.73544
1578094200.0,111.538314,111.600365
1581739200.0,115.654637,115.68647
1584697200.0,272.101459,272.6545
1585367400.0,45.584235,44.938152
1584796800.0,263.919056,264.3622
1579941600.0,252.471249,252.96468
1580558400.0,249.587625,250.00659
1578593400.0,143.144263,143.27574
1579406400.0,143.353171,143.72522
1580697600.0,109.247633,109.665794
1579147200.0,145.338202,145.66248
1585513200.0,90.706073,91.09059
1578012600.0,112.372615,112.38543
1580182800.0,126.072219,126.50092
1581720600.0,102.63086,102.86144
1585444800.0,78.568643,78.72545
1579921200.0,117.001755,117.447235
1580238600.0,125.973031,126.20758
1579810800.0,117.73723,117.993454
1582786200.0,266.607145,267.12823
1578228600.0,239.491813,239.65172
1582906200.0,206.937492,207.1615
1580905200.0,249.559731,249.95094
1578438000.0,111.542651,111.68085
1579894200.0,123.695682,123.97751
1580713200.0,252.019801,252.37875
1580254200.0,106.831733,107.110085
1585348200.0,87.130148,87.44756
1579528800.0,233.956655,234.33011
1582301400.0,204.206974,204.45204
1584811200.0,123.502237,123.828064
1581826200.0,119.776765,119.798065
1578882600.0,117.431743,117.73748
1578440400.0,111.000375,111.11415
1584528000.0,269.243653,269.73892
1585698600.0,82.436613,82.6915
1584081000.0,279.136089,279.6268
1578730200.0,248.529629,249.02983
1582592400.0,95.907898,96.14026
1578649800.0,249.183223,249.63213
1580680200.0,108.740402,108.90009
1584694800.0,273.643497,274.207
1582904400.0,224.583942,224.99309
1579933800.0,244.211474,244.39095
1582498800.0,99.115587,99.37189
1581689400.0,241.473415,241.86359
1578225000.0,244.206037,244.45872
1584595200.0,304.867187,305.4191
1581370800.0,106.802234,106.96665
1582233600.0,104.355387,104.524185
1580119200.0,252.659298,253.115
1584799800.0,260.417245,260.88516
1584777000.0,277.595144,278.13727
1579015800.0,209.607973,209.99554
1578822600.0,249.509706,249.96278
1584981000.0,192.943815,193.13077
1583248800.0,235.197919,235.5669
1583200200.0,91.289754,91.43515
1580614800.0,121.964967,122.34174
1583998800.0,273.513231,274.05753
1585071600.0,110.069236,110.21384
1581195600.0,109.857507,110.012276
1582908000.0,181.979571,182.27345
1580686800.0,105.243653,105.53177
1578522000.0,112.552754,112.7129
1578162600.0,137.933512,138.10234
1580038200.0,249.515252,249.96156
1585149600.0,253.93239,254.41278
1579671600.0,228.785027,229.27742
1579962000.0,231.995244,232.43613
1585369800.0,6.000889,5.869883
1583163000.0,230.843318,231.17752
1583095800.0,102.076037,102.27147
1583685000.0,191.659766,191.96722
1585077600.0,96.267637,96.522
1580511000.0,106.956514,107.18649
1579228800.0,117.403152,117.82268
1581794400.0,117.595777,117.833336
1578281400.0,134.915852,135.13765
1581273000.0,130.550214,130.7672
1585111200.0,353.54488,354.26996
1584135000.0,95.001292,95.23626
1580043600.0,243.300737,243.69711
1583490000.0,265.339954,265.72903
1579858200.0,252.266535,252.72803
1584626400.0,260.097429,260.5608
1579593000.0,250.043062,250.56152
1580022600.0,249.285922,249.6941
1579860000.0,251.88847,252.33969
1585057200.0,264.307011,264.76068
1579057200.0,121.882185,122.212906
1580169000.0,106.821864,107.1298
1583439600.0,102.232045,102.406555
1581285600.0,106.160776,106.34066
1584978000.0,245.573141,246.07915
1584810600.0,130.865455,131.02019
1581443400.0,143.114156,143.462
1580537400.0,244.160493,244.50235
1577904600.0,133.521906,133.6319
1579287000.0,132.346595,132.57932
1578487800.0,240.000799,240.2203
1581463800.0,102.565918,102.83024
1578857400.0,125.868065,126.10745
1581182400.0,158.579398,158.93166
1585078800.0,95.060578,95.33715
1579980600.0,123.451161,123.730644
1580347200.0,106.663711,107.07128
1584468000.0,112.500845,112.760345
1585467000.0,283.105795,283.588
1581559800.0,101.9222,102.19196
1582809000.0,253.998507,254.4135
1582066200.0,101.242917,101.474106
1581434400.0,223.508406,224.00345
1580130000.0,243.593369,243.99103
1579915800.0,108.696798,109.10757
1578283200.0,151.028569,151.30537
1583667600.0,263.200274,263.60596
1578399000.0,243.178176,243.43646
1583913000.0,272.522253,273.06958
1582666200.0,101.914878,102.11904
1580884200.0,250.114752,250.47395
1583674200.0,256.868224,257.30844
1582855200.0,93.374376,93.503944
1580746800.0,193.286116,193.68459
1584088200.0,271.829207,272.3873
1580568600.0,227.990813,228.55426
1583564400.0,272.531569,273.04022
1579358400.0,225.49024,225.94556
1581748800.0,257.772022,258.30957
1579627200.0,161.012106,161.31435
1581835200.0,258.479275,259.01617
1583041800.0,270.618379,271.10303
1579089000.0,245.912765,246.30276
1583728200.0,35.053187,37.492477
1581708000.0,118.044397,118.27691
1585434600.0,86.733348,87.06094
1583325000.0,259.207045,259.65552
1583425200.0,201.145834,201.4007
1584387000.0,100.279184,100.453606
1585318800.0,263.420753,263.89993
1579849800.0,248.542743,248.97546
1582266600.0,261.814319,262.3484
1585512600.0,91.080996,91.464355
1579634400.0,125.95459,126.22342
1583875800.0,96.252139,96.47979
1585671600.0,224.951365,225.38829
1580754000.0,135.708523,136.05748
1578744000.0,244.532466,244.86604
1585236000.0,254.985797,255.4688
1582390800.0,166.882422,167.20764
1581019200.0,115.879186,116.07689
1584935400.0,52.13329,52.03153
1582958400.0,268.242866,268.75845
1580291400.0,253.370075,253.83694
1578748800.0,237.319376,237.57144
1578731400.0,249.083667,249.56514
1577898000.0,168.101679,168.0415
1580725200.0,254.199997,254.66911
1579566000.0,108.510881,108.86233
1584700800.0,270.006667,270.51926
1580425800.0,106.698449,106.95151
1578726600.0,244.926622,245.49156
1584437400.0,271.276317,271.8225
1584337200.0,291.691917,292.17737
1583023200.0,94.085658,94.30679
1578097200.0,111.620543,111.65827
1581961800.0,140.155851,140.50212
1585593000.0,95.696005,96.01268
1581813000.0,100.109167,100.38598
1585521000.0,86.337682,86.67444
1578333600.0,146.161499,146.17755
1581310800.0,210.664795,210.96135
1582515600.0,97.631667,97.54095
1579674600.0,242.960593,243.19296
1583657400.0,268.920093,269.44806
1581291600.0,103.028397,103.30843
1581687000.0,246.743261,247.1136
1579209000.0,114.969282,115.17286
1579452000.0,180.106529,180.39938
1577898600.0,163.899856,163.75403
1579511400.0,251.35842,251.82828
1585699200.0,81.970671,82.21247
1582417800.0,97.298271,97.555664
1578157800.0,164.321839,164.27908
1579465200.0,118.575581,118.839424
1581402600.0,254.140902,254.60326
1579492800.0,142.657926,143.05084
1584150600.0,84.852321,85.074684
1579308000.0,109.410219,109.74082
1581937800.0,257.081108,257.5355
1578323400.0,214.010631,214.35287
1580850000.0,111.124364,111.27484
1581571800.0,242.697412,243.17967
1579903800.0,110.136049,110.29855
1581561600.0,103.229184,103.460045
1578450000.0,117.62098,117.763145
1582179600.0,260.501147,261.04324
1582561200.0,198.206366,198.41928
1583209800.0,66.239994,67.52521
1581948600.0,242.800657,243.17693
1579309800.0,110.088982,110.4347
1580102400.0,219.790966,220.22807
1577856600.0,220.646283,221.11244
1582717200.0,259.029624,259.45297
1581669000.0,259.443124,259.8009
1581698400.0,182.560698,182.87183
1584859800.0,283.245322,283.73688
1578647400.0,249.391489,249.85263
1578109800.0,145.690599,145.9436
1582329600.0,98.295042,98.55691
1578060600.0,228.019158,228.131
1580622600.0,239.38712,239.82053
1585417800.0,102.541145,102.716156
1582940400.0,93.201469,93.35938
1582669800.0,99.375243,99.62655
1580241000.0,119.881868,120.18004
1583043600.0,269.572759,270.07663
1578696600.0,111.380988,111.50732
1579435200.0,246.171766,246.58374
1580864400.0,104.18468,104.53507
1579487400.0,114.852513,115.29749
1583207400.0,85.228432,85.26747
1584902400.0,101.043865,101.232925
1580956200.0,106.731172,107.08227
1578989400.0,249.103857,249.60489
1585458600.0,321.904411,322.4613
1579261800.0,246.329516,246.73679
1578488400.0,238.988319,239.19743
1582092600.0,258.864962,259.41818
1581620400.0,121.941471,122.12086
1581953400.0,222.737591,223.18932
1583988000.0,357.91142,358.39154
1582684200.0,94.263311,94.34117
1581838200.0,260.06907,260.54483
1581724800.0,100.925997,101.20017
1583694600.0,107.091533,107.32987
1582798800.0,262.336993,262.71008
1583404800.0,264.304962,264.64432
1579414200.0,237.700282,237.96133
1581406800.0,257.754045,258.17706
1580763600.0,111.425841,111.575356
1579662600.0,120.735396,121.134766
1583446800.0,96.279385,96.5215
1583388000.0,274.751435,275.22894
1581946200.0,247.949882,248.31665
1585305600.0,272.664239,273.22253
1580461200.0,254.361436,254.84612
1584648600.0,96.036934,96.26847
1585265400.0,85.337791,85.63196
1583700600.0,99.024964,99.21535
1582825200.0,138.250296,138.54926
1579143000.0,119.463752,119.83881
1583844000.0,261.144442,261.58624
1578567000.0,247.614821,248.0121
1584229200.0,89.931666,90.18112
1578732600.0,249.41392,249.8743
1584084600.0,274.581254,275.12024
1583757600.0,260.719495,261.16348
1579918200.0,110.899985,111.33914
1583362200.0,95.619329,95.8717
1584812400.0,114.025343,114.291245
1585029000.0,296.492529,296.96405
1584877200.0,268.695571,269.14395
1583950200.0,115.617085,115.908806
1583278800.0,94.44955,94.69633
1585048800.0,270.174034,270.673
1578644400.0,248.667134,249.1555
1583258400.0,125.683308,126.004944
1582316400.0,108.070627,108.243385
1579659600.0,112.965831,113.43465
1578835800.0,236.273401,236.54253
1579386000.0,110.998504,111.13028
1581658200.0,244.112901,244.58986
1579489200.0,119.58022,119.98301
1579008600.0,236.739247,237.03934
1584547200.0,228.079373,228.52208
1583829600.0,270.122753,270.66693
1579659000.0,112.066274,112.50338
1583178600.0,106.123702,106.314804
1578964800.0,111.460272,111.751434
1584435000.0,272.787947,273.35028
1578242400.0,177.666853,177.78745
1582398600.0,115.739003,116.00261
1584939600.0,326.637104,327.31595
1578784200.0,110.799192,110.9524
1580485200.0,211.481262,211.88063
1578389400.0,248.929195,249.37372
1579256400.0,249.901431,250.35161
1583253000.0,191.249504,191.56503
1579519800.0,248.05392,248.49097
1578660000.0,241.300092,241.56628
1585284600.0,340.495968,341.2713
1581997200.0,105.343893,105.381714
1577969400.0,239.044545,239.13124
1578746400.0,241.491611,241.7737
1581585600.0,258.610988,259.0463
1583722800.0,83.324107,83.52999
1585355400.0,82.202495,82.442795
1579683000.0,251.759243,252.24046
1582918800.0,108.657607,108.880806
1582521600.0,258.590416,259.085
1584475800.0,97.035548,97.245
1581237000.0,257.452151,257.86252
1578111000.0,159.316293,159.72704
1578916200.0,245.520302,245.88977
1580368800.0,251.581112,251.99168
1580545800.0,254.542518,255.01758
1578036600.0,245.386594,245.89563
1583862000.0,127.201564,127.52779
1584600000.0,282.435617,282.92773
1584792600.0,267.16957,267.54712
1580721000.0,255.281681,255.76031
1583130000.0,270.490463,270.99057
1583175000.0,113.854602,114.152756
1582714200.0,260.999505,261.40475
1583841600.0,263.124295,263.545
1579306800.0,109.211904,109.53243
1582380000.0,246.533165,246.89038
1579023600.0,152.962373,153.19048
1583263800.0,107.645912,107.86771
1583023800.0,93.842257,94.05445
1581499800.0,258.103969,258.55505
1583161200.0,240.388644,240.81848
1581800400.0,107.425441,107.57344
1583001600.0,117.0685,117.33858
1580350200.0,108.795064,109.220375
1582936200.0,94.764558,94.99848
1580386800.0,247.730934,248.15027
1578846600.0,183.65708,183.8938
1579997400.0,107.223527,107.56642
1585094400.0,84.93873,85.21015
1583533200.0,95.885303,96.12584
1583851200.0,249.690324,250.11642
1581964800.0,124.196772,124.349205
1578271200.0,111.707375,111.80096
1581435600.0,215.84604,216.22972
1582860000.0,92.221979,92.17103
1584996000.0,92.7174,93.011566
1585068600.0,149.638899,149.8532
1582548000.0,254.987054,255.3966
1578313800.0,241.472076,241.68123
1582762200.0,96.078434,96.337105
1577878800.0,244.309173,244.48834
1578809400.0,235.678054,236.0481
1578105000.0,120.02395,120.06389
1578817200.0,249.016485,249.50948
1581020400.0,113.7941,113.99541
1583192400.0,94.852012,95.10177
1581681600.0,253.746773,254.1655
1584019200.0,259.54656,259.99365
1580313600.0,202.074821,202.46361
1579179600.0,240.6686,241.00327
1580281800.0,250.490248,250.85956
1579188000.0,213.650872,214.0818
1578246600.0,149.336021,149.31772
1583823600.0,274.521176,275.03497
1582700400.0,265.831181,266.35257
1582914000.0,122.520384,122.80336
1582954800.0,269.562513,270.04254
1582814400.0,242.515319,242.91675
1583690400.0,121.300307,121.70074
1585552800.0,284.564805,285.02866
1583053200.0,265.663158,266.12802
1578632400.0,200.968959,201.2407
1583308200.0,268.889275,269.41083
1580806800.0,255.652123,256.12402
1579199400.0,137.150923,137.4631
1583040600.0,271.672441,272.14062
1579443000.0,231.950629,232.33566
1582035000.0,243.253581,243.62622
1584546000.0,239.912526,240.35037
1578564600.0,248.703088,249.13535
1578708600.0,115.672915,115.906715
1584922800.0,84.928614,85.1898
1580548200.0,254.648222,255.13127
1581885000.0,109.267379,109.42974
1583045400.0,268.758081,269.2744
1581177600.0,205.320336,205.66124
1585286400.0,313.163026,313.68372
1578906600.0,249.901158,250.35522
1577897400.0,172.442974,172.53264
1578990600.0,249.640764,250.1285
1583759400.0,258.850181,259.29425
1579157400.0,243.911984,244.33858
1578870000.0,110.846942,110.99046
1578424200.0,129.581365,129.80481
1584129000.0,100.396834,100.56536
1581996000.0,102.493798,102.556984
1579218600.0,109.43256,109.70937
1582500000.0,98.527029,98.79096
1581850800.0,257.115231,257.57507
1579678200.0,249.300921,249.82562
1583374200.0,89.418726,89.56204
1583511600.0,201.491373,201.74924
1581950400.0,237.328146,237.75085
1584976200.0,254.083502,254.55724
1579632000.0,133.893264,134.1477
1585598400.0,90.966645,91.36817
1582021800.0,258.795922,259.25214
1582159800.0,98.24611,98.502884
1582995600.0,163.774522,164.0289
1580139600.0,210.05613,210.4607
1584136800.0,93.825906,94.073296
1584415200.0,71.857408,72.322716
1580052600.0,213.511222,213.94821
1577848200.0,129.623071,129.7542
1585269000.0,82.653396,82.89983
1583557200.0,300.043735,300.64578
1583725200.0,77.403262,77.75696
1582693200.0,256.606983,257.06503
1578029400.0,220.547724,220.98477
1583049600.0,267.098318,267.6108
1582963800.0,266.385219,266.889
1579591200.0,248.318221,248.83119
1582573800.0,109.555886,109.77714
1581543000.0,106.668615,106.82772
1579015200.0,213.043258,213.45341
1581860400.0,246.420221,246.79256
1582361400.0,262.539795,262.94803
1577994600.0,123.937075,124.00485
1579167600.0,250.361048,250.8112
1579071000.0,243.645087,244.083
1580100600.0,189.900719,190.37189
1581957000.0,189.670392,190.01793
1581612000.0,182.537816,182.85535
1582358400.0,263.160167,263.63287
1578120600.0,241.646246,242.19902
1579484400.0,110.75832,111.146065
1585239600.0,215.254259,215.49437
1581586200.0,258.456926,258.9019
1581170400.0,240.526368,240.9316
1581424800.0,250.149422,250.51831
1583314200.0,266.07868,266.53012
1578651600.0,248.638475,249.06895
1585416000.0,111.275133,111.42332
1582801200.0,261.009751,261.4105
1581946800.0,246.836042,247.20529
1585592400.0,96.54566,96.84109
1582902600.0,235.791572,236.18405
1584448800.0,264.163358,264.57657
1583052600.0,265.910739,266.3864
1583769000.0,226.363111,226.8032
1580285400.0,253.199757,253.68555
1581474000.0,102.828969,103.10164
1583978400.0,85.480712,85.69003
1582417200.0,97.487932,97.74778
1583429400.0,137.648666,137.86739
1579643400.0,111.700026,111.81146
1581409800.0,258.234453,258.62555
1581454200.0,109.555811,109.712776
1578346800.0,114.512274,114.706245
1583628000.0,90.932446,91.1447
1585566600.0,272.807809,273.35355
1579722600.0,121.36488,121.64957
1584344400.0,275.641218,276.1873
1584671400.0,77.490866,77.72848
1584880200.0,266.781643,267.14764
1584175200.0,271.88475,272.44537
1578896400.0,238.201891,238.55455
1579403400.0,122.324549,122.690704
1578417000.0,164.691762,164.74736
1582672800.0,97.770914,98.04572
1580760000.0,116.879987,117.08369
1585074600.0,100.602396,100.79893
1585393800.0,272.045779,272.58264
1577893800.0,198.547315,198.72394
1582665600.0,102.428508,102.62441
1579594200.0,250.76963,251.27646
1579677600.0,248.635524,249.13843
1582177800.0,257.732107,258.24118
1582221000.0,138.41336,138.77791
1577872200.0,248.08217,248.44456
1579635600.0,122.916412,123.20277
1585280400.0,52.607616,52.078796
1583996400.0,275.833365,276.34937
1580566200.0,236.26444,236.68843
1582621200.0,263.591617,264.01538
1581393000.0,116.676338,116.82961
1582985400.0,248.579325,248.97633
1581037800.0,103.513716,103.852615
1578113400.0,193.912936,194.16682
1580283000.0,251.746949,252.21826
1584165600.0,284.35296,284.82574
1580668800.0,130.702719,130.93872
1579449600.0,199.133701,199.52644
1583512200.0,191.501279,191.81306
1580730000.0,251.261131,251.66872
1582060200.0,105.683954,105.838745
1582928400.0,98.608466,98.85965
1583605800.0,114.218911,114.5195
1580330400.0,114.402178,114.53467
1581644400.0,100.822547,101.090385
1585332600.0,100.436176,100.64637
1578033000.0,238.538155,239.02312
1578468600.0,246.020354,246.55861
1582011000.0,261.130071,261.61594
1579584600.0,223.358483,223.78117
1584556800.0,104.100716,104.30163
1584855000.0,302.609673,303.12216
1580958000.0,109.704921,110.10626
1578711000.0,121.399714,121.6869
1578204600.0,234.5667,235.0068
1582151400.0,101.569742,101.78783
1585279800.0,57.243354,56.995987
1577845200.0,119.219736,119.11377
1579030200.0,125.602944,125.85769
1582450200.0,262.160555,262.52045
1580596800.0,106.991191,107.209785
1583176800.0,109.384694,109.65029
1583241600.0,255.370063,255.79869
1581714600.0,107.14321,107.293564
1578203400.0,228.745235,229.25078
1581432000.0,234.536292,235.00702
1580262600.0,108.089055,108.50579
1579551600.0,118.378503,118.64621
1581880200.0,118.743645,118.98218
1584216600.0,98.531414,98.71559
1581919200.0,255.73444,256.2156
1579819800.0,108.972048,109.174324
1585390800.0,273.72882,274.2961
1585603200.0,88.233886,88.62116
1580298000.0,249.826245,250.26361
1581456000.0,107.575616,107.72961
1581395400.0,151.983457,152.10016
1580997000.0,241.18999,241.5863
1582857600.0,92.722775,92.77071
1578796200.0,117.760917,118.03949
1578418800.0,152.875999,152.97713
1583167800.0,171.873938,172.24457
1584012600.0,265.15002,265.5174
1579146600.0,139.242285,139.71104
1580257800.0,106.362035,106.72866
1583749200.0,266.481798,266.90848
1585116000.0,294.375935,294.83383
1578735600.0,249.452442,249.90723
1578874800.0,110.24051,110.47249
1583479200.0,271.018518,271.53687
1579843200.0,218.327024,218.73013
1579833600.0,114.377118,114.87726
1581213000.0,103.355304,103.689514
1581747000.0,255.11374,255.59302
1578774000.0,119.847745,120.05812
1582031400.0,250.302008,250.67992
1582738200.0,144.367236,144.6315
1579963800.0,225.378279,225.93132
1584058200.0,89.729438,89.9664
1582654800.0,124.57847,124.79903
1578838800.0,228.112937,228.4423
1584637200.0,144.654609,144.91231
1578536400.0,117.351133,117.52517
1584400200.0,90.152746,90.41231
1582065000.0,101.924577,102.14163
1583672400.0,259.074785,259.51984
1580418600.0,111.87175,112.00712
1583046600.0,268.2671,268.7871
1580850600.0,110.44086,110.58761
1582002000.0,225.712931,226.07132
1578503400.0,164.802875,164.8876
1583353800.0,102.015432,102.197044
1578261600.0,113.659129,113.843315
1583231400.0,263.885451,264.227
1582298400.0,228.514907,228.90546
1581391200.0,108.887169,109.14592
1581795000.0,116.130728,116.38539
1579929600.0,218.776328,219.19037
1580416200.0,115.006029,115.149704
1579942200.0,252.560042,253.04886
1579950000.0,250.519809,250.96281
1582087800.0,204.186948,204.34537
1583009400.0,102.502855,102.69699
1578561600.0,249.24475,249.70378
1585499400.0,194.045661,194.1477
1578091200.0,112.437017,112.58196
1578169200.0,120.513415,120.63229
1578403200.0,236.513277,236.6897
1582353600.0,262.884392,263.41248
1582770600.0,93.571802,93.6424
1579102200.0,209.907259,210.30296
1585516800.0,88.650214,89.024155
1579009200.0,235.380176,235.68166
1580808600.0,255.426317,255.90587
1583254800.0,161.9831,162.21414
1584718200.0,245.910388,246.40134
1583649600.0,274.394189,274.8882
1581343200.0,241.3252,241.72679
1585278600.0,64.09414,64.11949
1579596000.0,251.398199,251.8837
1582659000.0,111.354712,111.64596
1582702200.0,265.533795,266.0469
1584921600.0,85.794594,86.07456
1580139000.0,213.867908,214.30688
1580649600.0,243.44346,243.83305
1579303200.0,109.573262,109.79165
1585672200.0,194.734212,194.80156
1579405200.0,132.383068,132.88828
1583115600.0,91.04705,91.14886
1577877600.0,245.362334,245.57909
1582581600.0,100.91933,101.14195
1584291600.0,150.609551,150.86041
1584888000.0,257.95488,258.42667
1585666800.0,263.016952,263.52307
1581195000.0,110.579786,110.74158
1582177200.0,256.044066,256.52872
1584477600.0,95.471073,95.70365
1584140400.0,91.707072,91.95887
1584009600.0,266.955184,267.38718
1580938200.0,108.917694,109.06992
1583007600.0,104.547131,104.728806
1581095400.0,164.332166,164.70473
1578276000.0,115.918774,115.98737
1577983800.0,172.62698,172.74626
1579071600.0,244.815427,245.29907
1585674000.0,116.964025,117.16767
1580851800.0,109.217682,109.36815
1585435800.0,86.033418,86.359184
1585167000.0,93.050413,93.36307
1581339000.0,249.021047,249.39018
1579270800.0,229.487362,229.88562
1583998200.0,274.022709,274.56073
1584741000.0,91.335639,91.60958
1578240600.0,191.138486,191.43741
1580264400.0,109.975874,110.41881
1583947200.0,137.669061,137.89903
1580928600.0,127.33314,127.53778
1578122400.0,244.738819,245.27231
1579561200.0,109.369852,109.570786
1582622400.0,263.162408,263.55453
1585127400.0,275.265749,275.82892
1582338600.0,96.973038,97.091156
1579753200.0,156.733225,157.1211
1584521400.0,273.214288,273.7776
1582360800.0,262.695223,263.11813
1579582800.0,200.648732,201.03203
1582322400.0,102.032781,102.23725
1582774200.0,93.36301,93.27496
1581031200.0,104.414318,104.68105
1581891000.0,103.396824,103.59231
1579305600.0,109.18375,109.48545
1581247200.0,254.02733,254.47298
1583633400.0,87.483747,87.66784
1582044000.0,182.578442,182.85909
1578324000.0,210.815045,211.1247
1579444800.0,225.801642,226.26843
1580914200.0,229.609622,230.15218
1579150200.0,191.088722,191.5037
1585368600.0,29.255678,28.1171
1579644600.0,110.793605,110.94028
1584469800.0,106.339885,106.52233
1584493800.0,84.876022,85.11551
1581153000.0,256.955651,257.4129
1581466800.0,101.729657,102.023895
1579251000.0,250.574178,251.05208
1582131000.0,175.127416,175.4487
1580626200.0,250.648463,250.98196
1578684600.0,126.094977,126.315254
1582631400.0,258.196013,258.62112
1580062800.0,138.038738,138.42677
1577905200.0,131.587337,131.71765
1582329000.0,98.517788,98.77853
1584277200.0,262.216317,262.65317
1579672800.0,236.159883,236.45822
1577974800.0,225.838962,225.93094
1582348800.0,254.114319,254.58818
1579948200.0,251.47232,251.90953
1582075800.0,98.398116,98.630066
1583413800.0,257.048405,257.48755
1581263400.0,210.55446,210.89017
1577965200.0,244.419604,244.6225
1584756000.0,79.850874,80.1535
1583364000.0,94.654455,94.904434
1585084800.0,90.750825,91.06417
1583758800.0,259.517463,259.9624
1578254400.0,122.579834,122.697014
1581331200.0,255.804928,256.28186
1584317400.0,88.425002,88.675964
1579233600.0,144.692722,145.02716
1584502200.0,67.900215,68.34674
1585171800.0,89.978959,90.30271
1583411400.0,259.614971,260.064
1584752400.0,83.901456,84.14779
1579355400.0,234.959136,235.30602
1582401600.0,109.461704,109.66685
1584168600.0,277.946571,278.45493
1582827000.0,126.194739,126.44604
1584099000.0,265.537865,265.8974
1583660400.0,267.365542,267.84134
1578278400.0,121.150098,121.315384
1581039000.0,103.789007,104.13977
1582804200.0,258.941187,259.36832
1585654200.0,272.556349,273.08832
1584532800.0,266.339784,266.70078
1583380800.0,79.38554,79.6956
1580736000.0,243.781445,244.17021
1583254200.0,171.449674,171.81932
1579649400.0,108.56837,108.83145
1583790600.0,95.835429,96.0728
1582831200.0,111.597839,111.8816
1579375200.0,126.536453,126.80957
1584690000.0,277.731556,278.2696
1584426000.0,283.637512,284.11923
1577855400.0,209.536134,209.83165
1582389600.0,182.463108,182.74254
1582755600.0,99.368297,99.6193
1583854200.0,236.735531,237.12929
1582428000.0,97.510772,97.50151
1583012400.0,99.871661,100.101494
1579605600.0,248.747321,249.19107
1580353200.0,114.150568,114.628845
1583428200.0,151.733062,152.06392
1582859400.0,92.325607,92.30068
1585449000.0,70.895724,70.80467
1579498200.0,222.990841,223.39938
1580901000.0,253.193774,253.64784
1578126600.0,248.096595,248.55367
1580303400.0,243.207873,243.60167
1585491000.0,265.406179,265.8782
1583836200.0,266.53204,266.9548
1582676400.0,96.259973,96.51889
1584729600.0,102.574285,102.762344
1578726000.0,243.910481,244.43275
1583796000.0,92.650942,92.895874
1583977800.0,86.039087,86.25112
1582710000.0,263.072249,263.43692
1583311800.0,267.197164,267.6945
1579054200.0,114.487884,114.82701
1579993800.0,107.996041,108.238495
1581882600.0,113.162806,113.446396
1579230600.0,123.324803,123.6578
1581918600.0,254.095523,254.56485
1582090200.0,251.907649,252.37837
1581156000.0,256.207035,256.6852
1584949800.0,278.581286,279.11792
1578016200.0,115.607413,115.56793
1580767800.0,107.544969,107.72973
1581325800.0,257.658149,258.10526
1578681600.0,135.357369,135.57874
1584150000.0,85.421447,85.64386
1583625600.0,92.198046,92.43036
1584274800.0,264.254801,264.6631
1578685200.0,124.663506,124.85307
1578136200.0,246.15398,246.45436
1578237600.0,210.559269,210.85403
1582761000.0,96.572434,96.840744
1581003000.0,217.728768,218.19423
1583121000.0,86.967672,86.94807
1583752200.0,264.755016,265.11215
1584466200.0,123.721937,124.08323
1583349000.0,109.523504,109.78436
1579239000.0,222.060692,222.42517
1583917800.0,269.534674,270.06595
1578018600.0,120.258922,120.266815
1581816000.0,99.794863,100.05508
1583741400.0,270.724383,271.27014
1578447600.0,113.894463,114.05099
1582806000.0,257.38945,257.81943
1583127000.0,273.491402,273.95786
1580907000.0,247.314019,247.70126
1581504600.0,256.129772,256.60016
1583772000.0,179.955609,180.19817
1582662000.0,106.341189,106.51452
1584715800.0,255.065191,255.52916
1585064400.0,246.806509,247.30537
1579783200.0,244.262373,244.66783
1580920800.0,182.12,182.45926
1579703400.0,228.987023,229.4551
1584853800.0,315.853929,316.4534
1584664200.0,85.829858,86.09233
1584365400.0,260.796512,261.24728
1579058400.0,127.148425,127.46928
1583813400.0,62.208243,63.40805
1583956800.0,100.710518,100.87593
1580278200.0,242.342762,242.65678
1584462000.0,206.642305,206.88396
1584330000.0,67.124968,67.69811
1585520400.0,86.677682,87.00903
1584172800.0,273.580577,274.13602
1578477600.0,248.739862,249.17332
1582919400.0,107.621208,107.82222
1580165400.0,108.010911,108.230774
1585058400.0,263.01146,263.47852
1582690800.0,100.631308,100.31053
1581628200.0,107.496502,107.647316
1581220200.0,118.985898,119.192505
1581459000.0,105.082795,105.27478
1582470000.0,235.681715,236.11887
1584721200.0,208.8032,209.0266
1584856800.0,291.85106,292.32013
1584610200.0,272.073072,272.62695
1585397400.0,270.065816,270.52744
1578115800.0,220.524528,220.9464
1583218200.0,270.194169,270.70615
1581616800.0,138.227101,138.62627
1583765400.0,247.181896,247.60709
1584001800.0,271.377459,271.93222
1583929200.0,262.598917,263.0297
1581479400.0,115.476724,115.610374
1583526600.0,101.100405,101.276855
1578849600.0,160.890652,161.0334
1583409000.0,261.608977,262.03452
1582438200.0,262.794779,263.3231
1582476000.0,182.410543,182.69368
1584684000.0,290.079965,290.5523
1579165800.0,250.480686,250.9437
1580515200.0,105.581351,105.896255
1584877800.0,268.333981,268.76373
1581174000.0,228.285781,228.79837
1581773400.0,247.14127,247.51094
1578088800.0,113.830082,114.01275
1584235200.0,85.917926,86.15115
1583272200.0,98.246425,98.47919
1580620200.0,215.212062,215.59154
1579923000.0,124.55925,124.95659
1578465000.0,239.140632,239.56956
1578350400.0,112.14461,112.29417
1584748200.0,87.047312,87.32888
1582894800.0,255.197697,255.62387
1583245200.0,248.734152,249.1459
1584280200.0,258.728194,259.1837
1579323000.0,190.752663,191.18994
1579123200.0,114.485001,114.68309
1581100800.0,128.846833,129.05074
1582854000.0,93.737721,93.89926
1581369600.0,107.910268,108.064095
1583390400.0,272.101732,272.60284
1582332000.0,97.543332,97.79875
1578847200.0,178.955505,179.17714
1578520200.0,113.802863,113.99711
1584500400.0,74.889042,75.17924
1583138400.0,266.593075,267.08353
1579221600.0,109.642937,109.95788
1578328800.0,177.858618,177.99496
1581172200.0,235.332283,235.78912
1579759200.0,236.604583,236.9142
1579917600.0,110.196271,110.62801
1577901000.0,149.097333,148.92531
1582238400.0,100.860065,101.08895
1578057000.0,237.028956,237.12184
1579810200.0,118.7805,119.05598
1579897200.0,117.50693,117.75235
1579815000.0,112.34192,112.45404
1583104200.0,96.143942,96.40394
1579588200.0,242.578266,242.82701
1584490800.0,87.153753,87.418816
1583114400.0,91.596873,91.72725
1578826800.0,247.742163,248.15662
1585047600.0,270.85137,271.37643
1577967000.0,242.476797,242.62627
1584448200.0,264.63792,265.04196
1584823800.0,93.208416,93.48347
1579347000.0,247.610941,248.03838
1579545600.0,134.081681,134.3377
1584845400.0,73.044399,73.296875
1580059800.0,156.186837,156.53857
1583614800.0,98.932148,99.13001
1578142800.0,238.304317,238.43024
1578256800.0,118.619581,118.7734
1577938200.0,160.28786,160.73003
1582414800.0,98.376103,98.639435
1581048600.0,133.322888,133.6108
1580893800.0,255.936395,256.40805
1578603000.0,117.423151,117.64617
1578180600.0,111.435233,111.50541
1584543600.0,251.757358,252.2151
1577860200.0,238.401688,238.9046
1583896800.0,78.709181,79.05769
1581566400.0,118.57218,118.6691
1582311000.0,119.86385,120.130165
1580761200.0,114.764691,114.92739
1584759000.0,73.895591,74.143105
1585614000.0,81.397598,81.62804
1583238000.0,259.356298,259.79974
1578396000.0,246.101661,246.43561
1579459200.0,134.258679,134.51558
1583808000.0,84.198194,84.40157
1582054800.0,113.477753,113.78843
1580707800.0,231.362222,231.95213
1579189200.0,206.502,206.90175
1578921000.0,238.920973,239.20891
1579883400.0,185.981147,186.36392
1581864000.0,236.8467,237.27841
1578044400.0,248.384856,248.78534
1581051600.0,207.495847,207.83951
1579848600.0,246.569119,246.89163
1582707600.0,264.002794,264.43576
1578121200.0,242.838442,243.41833
1580405400.0,155.593444,155.96094
1583395800.0,268.793625,269.3162
1581231000.0,254.549703,255.01204
1580484000.0,218.868644,219.39018
1583505600.0,247.178699,247.5907
1580189400.0,226.853668,227.37338
1583331000.0,250.669828,251.08537
1578678000.0,152.968398,153.1281
1583899200.0,66.613558,67.46536
1581453000.0,111.145312,111.327484
1581324600.0,257.805927,258.2322
1579310400.0,110.437684,110.79306
1584988200.0,101.424798,101.6169
1580209200.0,251.295391,251.72751
1581299400.0,102.887005,103.2054
1578419400.0,149.402738,149.45491
1585610400.0,84.112598,84.400826
1584775800.0,278.955581,279.48383
1585661400.0,268.525554,268.93765
1579197000.0,149.228801,149.50739
1582968000.0,264.752038,265.18048
1578557400.0,248.194485,248.68907
1583412600.0,258.421409,258.8672
1579210800.0,113.162868,113.32927
1585005600.0,86.945938,87.24342
1580163000.0,109.421215,109.594025
1580821800.0,245.155925,245.54355
1579770000.0,252.075508,252.5526
1580944800.0,104.723821,104.99161
1581054000.0,240.016809,240.4957
1585257600.0,89.907269,90.243515
1583082000.0,163.212575,163.4582
1580973600.0,254.707699,255.13013
1580900400.0,253.572385,254.03218
1580621400.0,230.500853,231.10216
1579025400.0,142.871165,143.10481
1579006800.0,240.211087,240.5193
1583240400.0,256.895764,257.33484
1581634200.0,102.968503,103.19918
1585140000.0,267.68066,268.05865
1584945600.0,285.161354,285.63998
1578940200.0,137.48791,137.78555
1584826800.0,91.28414,91.567184
1585330200.0,109.024839,109.13392
1581842400.0,260.201247,260.5587
1580732400.0,248.932965,249.33438
1584402600.0,88.737401,88.994125
1583492400.0,263.983997,264.33868
1581328800.0,256.860383,257.336
1585101600.0,77.356708,77.50613
1579113000.0,137.27418,137.58244
1582723800.0,251.785799,252.18413
1583773800.0,147.84999,148.09418
1585162800.0,97.039995,97.28477
1581309000.0,153.21311,153.36038
1580127000.0,247.550835,247.98271
1581480600.0,126.426597,126.58281
1582192200.0,260.577809,260.9967
1580879400.0,217.780978,218.1745
1581298800.0,102.672817,102.98887
1583451000.0,93.945653,94.191216
1578646800.0,249.342749,249.80461
1584095400.0,267.675441,268.13245
1578633000.0,208.629221,208.85133
1583651400.0,272.682817,273.20102
1579137000.0,110.59609,110.917114
1584954600.0,274.459158,275.0233
1583160600.0,242.737164,243.15279
1582863000.0,92.438646,92.1951
1579769400.0,252.018927,252.50348
1577962800.0,246.341482,246.62506
1583421000.0,239.668906,240.11081
1584253800.0,280.700776,281.19138
1578227400.0,241.317632,241.50714
1578792600.0,112.409546,112.67257
1583399400.0,267.054605,267.54285
1584486600.0,89.747094,90.01045
1580184000.0,136.39508,136.89287
1579632600.0,131.634807,131.86888
1580053200.0,209.711437,210.11717
1580457000.0,253.351742,253.81418
1580971800.0,252.806557,253.21402
1581696600.0,201.864834,202.13231
1580675400.0,114.134442,114.294846
1579288800.0,126.710295,126.983765
1579620600.0,211.80142,212.22456
1584564600.0,94.55522,94.80128
1579948800.0,251.187228,251.62344
1581735600.0,103.221186,103.38456
1579178400.0,242.543023,242.89236
1580448000.0,222.338613,222.80077
1582179000.0,259.833346,260.3802
1583164200.0,221.382823,221.76129
1578718800.0,200.854034,201.13992
1578127200.0,248.294424,248.74715
1583122200.0,84.154105,84.17286
1579577400.0,127.145133,127.54347
1579608000.0,246.640262,247.06367
1578075600.0,140.431708,140.48666
1579198800.0,139.80023,140.12042
1578913800.0,247.521903,247.93718
1578381600.0,245.12019,245.6712
1580310600.0,221.298047,221.8339
1581388800.0,104.500849,104.76209
1581216000.0,105.739053,106.03755
1578192000.0,121.426639,121.561775
1578586800.0,187.625078,187.89043
1583677200.0,251.540923,251.96436
1579226400.0,112.990078,113.380226
1579482000.0,109.287118,109.650116
1583919600.0,268.550662,269.05203
1580610000.0,108.086261,108.49043
1585653000.0,273.187459,273.737
1578855000.0,132.993496,133.21135
1581359400.0,130.111825,130.32376
1582809600.0,253.151727,253.5607
1585601400.0,89.208889,89.606415
1580549400.0,254.498422,254.97978
1582228200.0,111.407263,111.65744
1581062400.0,256.371014,256.76575
1578295200.0,244.981236,245.5265
1585239000.0,229.71896,230.14418
1578186000.0,112.425808,112.49327
1579716000.0,145.103435,145.46959
1583128200.0,271.917481,272.39908
1580178000.0,110.428142,110.87472
1582570800.0,116.315895,116.57332
1584172200.0,274.064346,274.61655
1585348800.0,86.783612,87.10439
1579038000.0,113.492315,113.67613
1584431400.0,275.590948,276.14108
1582812600.0,247.56455,247.95042
1584184800.0,266.301371,266.68887
1580790600.0,159.145853,159.37164
1578279600.0,125.316363,125.48598
1580765400.0,109.511975,109.66041
1585087800.0,89.012958,89.3173
1581277800.0,115.971039,116.20699
1581656400.0,216.695401,216.98055
1580223600.0,223.824821,224.35347
1580104800.0,238.625636,238.9729
1581166200.0,248.326144,248.70024
1581379800.0,102.207135,102.501854
1582578600.0,103.372598,103.55522
1582474200.0,204.939143,205.17084
1579348200.0,246.54677,246.96094
1578286800.0,201.569811,201.78368
1580083800.0,106.950906,107.29201
1584562800.0,95.99807,96.22573
1581502200.0,257.293827,257.76886
1584362400.0,263.727893,264.14642
1583188200.0,97.087806,97.33775
1581067200.0,256.517808,256.98535
1579044000.0,110.134471,110.3275
1578601800.0,119.124291,119.31931
1579749000.0,120.182014,120.58885
1583289600.0,88.908272,89.01693
1583415000.0,255.44301,255.87305
1579440600.0,238.010646,238.35999
1581583800.0,258.939493,259.33923
1579320600.0,151.345941,151.73079
1583879400.0,93.93956,94.18272
1583880000.0,93.59038,93.83714
1583916600.0,270.213212,270.75946
1583778000.0,114.857404,115.1511
1583668800.0,262.3309,262.75818
1584958800.0,271.836147,272.38284
1580024400.0,251.152913,251.6523
1578658200.0,243.679894,243.98674
1578280800.0,131.147514,131.35237
1584737400.0,93.657063,93.92182
1579816200.0,111.270789,111.39322
1578549600.0,232.388034,232.81302
1582449600.0,262.378165,262.74713
1578778800.0,113.931196,114.12964
1579048800.0,110.08666,110.36855
1581714000.0,107.788335,107.93745
1582170000.0,102.859917,102.834145
1581227400.0,245.440389,245.88132
1585552200.0,285.625042,286.07947
1582200600.0,255.318045,255.73787
1579430400.0,249.785892,250.23419
1579279800.0,174.934983,175.25937
1579699800.0,238.843656,239.21259
1580325600.0,123.955776,124.19741
1580857800.0,105.264485,105.52148
1580814000.0,253.272458,253.7295
1581294000.0,102.449081,102.75022
1579276800.0,198.576016,198.96394
1579708800.0,199.988854,200.38313
1580830200.0,216.910907,217.37222
1584863400.0,278.089649,278.62924
1579884600.0,175.663286,176.01082
1582258200.0,109.755819,109.51337
1579555800.0,112.974054,113.121025
1581449400.0,117.829902,118.06423
1580438400.0,110.882766,111.34275
1578800400.0,136.4449,136.8503
1583986200.0,57.227375,58.299778
1583101800.0,97.47436,97.72588
1582490400.0,105.684016,105.84959
1582432800.0,160.405149,160.07341
1583223000.0,267.82841,268.34204
1580352600.0,112.650829,113.17419
1583307600.0,269.189503,269.7112
1580280600.0,248.697242,248.95462
1577985600.0,160.002249,159.88774
1584223800.0,93.052885,93.30493
1584736800.0,94.0927,94.35284
1579825200.0,107.750189,108.112656
1581091200.0,204.978184,205.33025
1582962000.0,267.021109,267.53754
1585050600.0,269.135271,269.5857
1578174000.0,114.691184,114.87557
1583512800.0,180.770396,181.03157
1582379400.0,247.814535,248.17633
1578838200.0,230.031318,230.34653
1579357200.0,229.780432,230.18654
1584201600.0,224.045422,224.53082
1579245600.0,247.166241,247.71559
1585351200.0,85.321166,85.6223
1578385200.0,248.212517,248.67958
1583710800.0,92.413279,92.653
1584426600.0,282.234618,282.72385
1580753400.0,138.820767,139.26418
1581305400.0,111.749224,111.98892
1579242000.0,239.307753,239.6069
1585567200.0,272.487501,273.02368
1581071400.0,255.151388,255.62654
1585531800.0,77.235602,77.296776
1580201400.0,253.424197,253.9139
1578354000.0,111.129582,111.220924
1584265800.0,269.790341,270.3107
1583059200.0,262.810216,263.17923
1581945600.0,248.970586,249.3366
1582409400.0,101.249488,101.467804
1583447400.0,95.917624,96.16383
1580379600.0,253.050285,253.50803
1578628800.0,148.905938,149.19359
1582387200.0,210.77722,211.00249
1580698800.0,111.674775,112.13423
1578734400.0,249.559184,250.01807
1581425400.0,249.374359,249.74297
1581036600.0,103.404795,103.73314
1577944800.0,231.725342,232.21275
1579514400.0,250.943609,251.3846
1583190000.0,96.071139,96.32859
1584301800.0,99.331339,99.50967
1581780000.0,225.407075,225.87202
1580133000.0,237.673316,238.0672
1578471000.0,248.041298,248.52907
1581364800.0,114.437518,114.67536
1585679400.0,94.887563,95.23934
1581204000.0,103.781405,104.04583
1578676200.0,165.006073,165.14697
1581163800.0,251.161301,251.54655
1584219000.0,96.350904,96.565346
1580391000.0,241.302688,241.69287
1583751000.0,265.471312,265.85077
1580972400.0,253.56703,253.98338
1581075000.0,252.958405,253.3908
1582481400.0,128.946486,129.15971
1582591800.0,96.082826,96.32517
1581134400.0,125.109135,125.44918
1584025800.0,244.746852,245.20209
1578562800.0,249.140084,249.59106
1579123800.0,113.884641,114.07713
1581882000.0,114.365944,114.65972
1585600200.0,89.883076,90.285385
1583482800.0,268.963697,269.49155
1578376800.0,232.109554,232.5548
1582798200.0,262.634133,262.997
1585167600.0,92.616573,92.93319
1582909800.0,156.288498,156.61856
1581903600.0,99.379505,99.6167
1583586600.0,257.944334,258.3868
1580245800.0,112.398781,112.52887
1578898200.0,243.154516,243.61366
1581436800.0,206.376679,206.68494
1580351400.0,110.377271,110.82589
1580233800.0,147.598189,147.91948
1581768000.0,254.091807,254.5124
1578697200.0,111.146897,111.271515
1585690200.0,87.503678,87.90059
1577892000.0,209.587975,209.64201
1583359800.0,97.048321,97.29144
1580290200.0,253.61812,254.0952
1581832800.0,254.696661,255.15823
1580665200.0,150.49311,150.80731
1584809400.0,155.270581,155.45767
1580697000.0,108.343363,108.74622
1580805600.0,255.645948,256.10776
1578876000.0,110.500829,110.74716
1583301000.0,274.49391,274.96893
1585273800.0,77.120438,77.22745
1579302000.0,109.974467,110.15238
1585035600.0,279.774466,280.29932
1584955800.0,273.656911,274.22043
1581888000.0,105.830216,105.98455
1579599000.0,251.530486,251.992
1583097600.0,100.425965,100.64204
1579341000.0,250.658517,251.1043
1578487200.0,240.936426,241.16833
1581537000.0,114.811177,115.06845
1579937400.0,250.286517,250.79277
1583086200.0,123.96501,124.25728
1578093600.0,111.643649,111.72198
1583440800.0,100.93159,101.115814
1582506000.0,96.359926,96.597534
1579405800.0,137.316609,137.80753
1580538000.0,246.130156,246.43884
1580614200.0,118.672351,119.009674
1583486400.0,267.172166,267.6572
1583005200.0,108.145746,108.36255
1581327000.0,257.409394,257.87112
1578674400.0,178.600499,178.79546
1578694800.0,112.2993,112.45147
1579992000.0,108.804271,109.00268
1584375600.0,206.022425,206.27148
1578081600.0,122.698816,122.786674
1579567200.0,108.669833,109.03696
1581312000.0,232.564089,233.15092
1579131000.0,109.810966,110.03454
1578801600.0,147.771375,148.06828
1585215600.0,274.439678,275.00613
1581138600.0,221.027162,221.43802
1582812000.0,248.908568,249.29594
1583377200.0,87.031158,87.1396
1579762800.0,247.272355,247.66502
1581197400.0,107.984779,108.14158
1585639200.0,285.077862,285.5318
1580409600.0,131.665475,131.91849
1582567800.0,128.282755,128.48907
1584962400.0,269.786762,270.2779
1579027200.0,134.976627,135.22449
1580823600.0,241.7805,242.17229
1584476400.0,96.482494,96.6998
1582488000.0,109.008918,109.20977
1582568400.0,125.23701,125.441055
1579825800.0,107.788574,108.165695
1578336600.0,133.429057,133.59842
1585420800.0,96.464442,96.74065
1583115000.0,91.326487,91.443245
1580854800.0,106.850059,107.05728
1582278000.0,261.178921,261.5755
1581463200.0,102.798923,103.055626
1583631000.0,89.196246,89.3851
1579107000.0,174.681624,174.9956
1585012200.0,81.82484,82.066086
1581610800.0,195.539478,195.82797
1578657600.0,244.3554,244.67519
1578689400.0,117.306245,117.54034
1581631800.0,104.42082,104.6141
1583170800.0,134.98466,135.1825
1580848800.0,112.657222,112.83071
1580820000.0,247.79664,248.18935
1578328200.0,182.416157,182.53915
1583728800.0,0.360694,5.7722654
1584706200.0,266.75659,267.12128
1581207000.0,102.903972,103.20427
1583002800.0,113.406241,113.70822
1580390400.0,242.4577,242.84862
1579003800.0,244.438646,244.79657
1579775400.0,250.98194,251.42197
1583734800.0,276.819726,277.29944
1582162200.0,97.917414,98.14418
1582009200.0,260.613545,261.13083
1578034800.0,242.737465,243.31082
1581964200.0,126.665271,126.84015
1578607800.0,112.808402,112.980095
1584111600.0,247.901743,248.34589
1585448400.0,72.391461,72.379135
1585400400.0,268.244779,268.6351
1579113600.0,134.854927,135.10747
1581217800.0,108.943819,109.28138
1582608000.0,260.880742,261.38028
1580585400.0,121.466363,121.73199
1578491400.0,232.506989,232.71771
1582688400.0,94.897596,94.77668
1577880600.0,242.35746,242.48103
1581890400.0,103.82212,104.00798
1580220600.0,234.838761,235.26051
1581732000.0,100.618276,100.86169
1581673800.0,258.432146,258.88818
1585233000.0,261.902702,262.38455
1583494800.0,262.428709,262.84238
1582585200.0,98.743471,99.00549
1580929800.0,123.38036,123.57816
1584257400.0,275.691597,276.2313
1578011400.0,111.892166,111.90472
1580635800.0,254.802611,255.28398
1578609600.0,111.785198,111.92365
1579243200.0,242.831366,243.19463
1578754800.0,218.286767,218.74286
1583168400.0,162.616094,162.85384
1578868800.0,111.360231,111.47818
1584223200.0,93.41996,93.67004
1577861400.0,241.390415,241.9633
1582541400.0,260.275041,260.6963
1582752600.0,101.524772,101.73551
1585042200.0,274.05033,274.61505
1585585200.0,222.50572,222.89136
1585480800.0,272.10359,272.63467
1579576800.0,123.923865,124.29386
1581895800.0,100.830715,101.08768
1583341200.0,161.31146,161.53731
1578027600.0,202.15733,202.41383
1582671000.0,98.688543,98.95182
1580087400.0,107.448957,107.8567
1581908400.0,101.665897,101.79542
1581029400.0,105.214734,105.44901
1578931800.0,193.096701,193.51152
1580027400.0,252.630775,253.12703
1580044800.0,241.21171,241.59842
1579982400.0,119.43792,119.72285
1584515400.0,278.81742,279.33832
1582906800.0,199.293227,199.52608
1584624600.0,262.312022,262.76584
1583658600.0,268.293792,268.80655
1583057400.0,263.759011,264.0978
1582583400.0,99.748165,99.99322
1582317000.0,107.256981,107.421265
1581385200.0,102.21846,102.52147
1582856400.0,93.034895,93.12575
1585443600.0,79.979616,80.22061
1581617400.0,134.683271,135.02177
1580927400.0,132.168545,132.42526
1580752800.0,142.262363,142.68121
1583310600.0,267.750382,268.25995
1584874200.0,270.427707,270.94977
1585412400.0,218.452877,218.74097
1584010800.0,266.259516,266.66357
1578645000.0,248.915644,249.39334
1579917000.0,109.604469,110.02811
1578934800.0,169.768081,170.10938
1581615600.0,146.651197,146.95035
1577887800.0,227.646093,227.6967
1580928000.0,129.627005,129.84688
1578568200.0,246.846916,247.22581
1585489200.0,267.018623,267.4566
1580031600.0,252.689897,253.15276
1579087800.0,246.990596,247.39793
1583511000.0,210.30718,210.55022
1584819600.0,96.725396,96.955795
1580231400.0,165.481782,165.90083
1583904600.0,288.598879,289.07855
1578457800.0,174.482209,174.91716
1582573200.0,110.655123,110.91177
1580882400.0,244.649316,245.05093
1582603200.0,98.249362,98.04927
1582629600.0,259.515332,259.93973
1578193200.0,125.640565,125.7973
1580265000.0,110.864578,111.32153
1582924200.0,101.763849,101.97029
1584567000.0,92.906391,93.16378
1578803400.0,172.665434,173.17409
1579069200.0,238.718909,239.04645
1584889200.0,255.042651,255.51295
1582005000.0,255.288183,255.76422
1585462800.0,292.612353,293.04324
1585204200.0,288.700485,289.15692
1579847400.0,243.777156,243.97487
1577873400.0,247.743283,248.0783
1579402200.0,118.174034,118.603775
1580711400.0,248.892285,249.21805
1583374800.0,89.023743,89.16183
1580398200.0,214.968538,215.41537
1583452800.0,93.037101,93.27107
1580862000.0,104.166962,104.4867
1579111200.0,145.906528,146.15549
1583270400.0,99.607913,99.82086
1584069000.0,78.14845,78.479195
1581485400.0,241.332904,241.82303
1584334200.0,335.019331,335.86566
1581666600.0,259.324579,259.75528
1580209800.0,250.913119,251.34914
1583800200.0,90.359161,90.58051
1579049400.0,110.279469,110.56826
1585638000.0,287.359145,287.794
1584340800.0,280.31457,280.81287
1581843600.0,259.996287,260.3783
1578375600.0,225.107886,225.5862
1585376400.0,291.927831,292.3672
1581956400.0,196.471553,196.72044
1578411600.0,203.963997,204.28989
1583748600.0,266.806532,267.2489
1578744600.0,243.860129,244.18102
1583014800.0,98.225135,98.473885
1578724200.0,239.688058,240.07811
1583199000.0,91.851079,92.01813
1580202000.0,253.455534,253.94272
1582471200.0,229.628173,229.9999
1579813800.0,113.596257,113.74978
1584333000.0,17.913281,18.987833
1582692600.0,241.11636,241.50754
1582145400.0,106.591761,106.74626
1582170600.0,104.75037,104.69109
1581936000.0,258.139541,258.6004
1584965400.0,267.996624,268.39853
1581374400.0,104.280432,104.50263
1577913000.0,116.642733,116.80393
1580773200.0,104.941656,105.228485
1584904200.0,98.231507,98.44288
1582007400.0,259.412606,259.9556
1581353400.0,176.05038,176.3952
1583105400.0,95.541499,95.79783
1581514800.0,244.801083,245.17885
1581079200.0,248.781116,249.15976
1580706600.0,216.000812,216.38324
1578001800.0,114.350139,114.52681
1581159000.0,254.845641,255.31497
1583357400.0,98.724073,98.94362
1578600000.0,122.236098,122.40019
1579394400.0,109.17039,109.515076
1581804600.0,103.742131,103.93684
1582138200.0,120.951613,121.1893
1578975000.0,153.871704,154.29836
1580466000.0,253.330569,253.79219
1585557600.0,278.737588,279.2703
1582811400.0,250.122921,250.51462
1582956000.0,269.084701,269.5799
1583373600.0,89.788956,89.937965
1579333800.0,249.235187,249.7554
1578507600.0,140.392926,140.55989
1582236000.0,102.397636,102.59646
1580297400.0,250.315232,250.75293
1583416800.0,252.42811,252.8485
1583134800.0,268.104186,268.62405
1580948400.0,103.833028,104.14911
1584203400.0,192.114493,192.39421
1580313000.0,206.583784,206.97998
1581384000.0,101.97523,102.27896
1580945400.0,104.510575,104.78779
1580009400.0,123.8766,124.27499
1578955200.0,111.204277,111.323265
1582871400.0,267.608751,268.12378
1581000000.0,232.380138,232.87875
1579776600.0,250.380009,250.82538
1582104600.0,260.645264,261.0454
1579297800.0,112.47627,112.61032
1585402200.0,266.957151,267.3861
1578276600.0,116.939368,117.0061
1580413800.0,119.315673,119.61021
1581294600.0,102.365958,102.67048
1580204400.0,253.230438,253.69862
1584303000.0,98.033316,98.224556
1580708400.0,236.343014,236.83932
1579879200.0,216.286737,216.77435
1583515200.0,143.124183,143.32285
1584766200.0,338.203292,339.03107
1584472800.0,100.520557,100.69665
1579173000.0,248.095283,248.52834
1581081000.0,246.190726,246.5699
1581476400.0,105.477191,105.711845
1580890800.0,255.864159,256.303
1579401600.0,116.587873,117.03463
1585599000.0,90.592849,90.99585
1585676400.0,100.601003,100.84191
1584687000.0,281.956438,282.4545
1581494400.0,258.511213,258.90424
1579909800.0,107.608845,107.91646
1584957600.0,272.541132,273.09714
1585501200.0,122.642166,122.84514
1583223600.0,267.562333,268.07077
1581744000.0,240.263351,240.75754
1581605400.0,233.139191,233.63478
1582565400.0,145.753081,146.03749
1583287800.0,90.05795,90.190186
1580326200.0,122.375256,122.645226
1583102400.0,97.123371,97.37908
1578912600.0,248.27866,248.70555
1578852000.0,146.083253,146.26736
1582418400.0,97.121615,97.375084
1584726600.0,112.018313,112.24135
1581040200.0,104.2738,104.62552
1578132600.0,248.047745,248.42746
1585352400.0,84.52286,84.801956
1577931000.0,117.77205,117.68399
1582197000.0,258.123149,258.5689
1581592200.0,255.731708,256.1902
1580728200.0,252.597362,253.0457
1583477400.0,272.341526,272.845
1581774000.0,246.00877,246.38199
1578415800.0,173.495042,173.73694
1584912000.0,91.597645,91.8899
1585229400.0,265.915302,266.35324
1582068600.0,100.110752,100.36639
1578099600.0,112.56996,112.61219
1583210400.0,16.348176,20.44403
1583575800.0,266.040021,266.45932
1578805200.0,200.754191,201.05339
1582884600.0,263.007608,263.35764
1584193200.0,259.031345,259.4833
1585236600.0,252.550206,253.03122
1584705600.0,267.150992,267.53754
1580242800.0,116.504422,116.69984
1578290400.0,231.997702,232.4517
1579653000.0,108.315182,108.68278
1578490800.0,234.022252,234.22253
1580940600.0,106.95915,107.14709
1579555200.0,113.576866,113.74997
1580647200.0,247.161323,247.56029
1579515600.0,250.540355,250.9868
1583212800.0,277.004961,277.4676
1582120200.0,246.482266,246.84392
1580742600.0,223.268557,223.78835
1583244000.0,251.400002,251.81223
1581402000.0,253.018211,253.45363
1584885600.0,261.836886,262.30347
1581448800.0,119.337434,119.56863
1582533600.0,263.548641,263.99097
1585437000.0,85.300061,85.60851
1585330800.0,106.030996,106.13747
1581347400.0,226.284891,226.78052
1582424400.0,96.254134,96.38513
1582139400.0,117.27999,117.52754
1580061000.0,147.996443,148.31502
1581993000.0,99.583871,99.75424
1579646400.0,109.708957,109.88339
1583412000.0,259.03793,259.48578
1582598400.0,94.947033,95.012596
1584063600.0,85.989076,86.208755
1583989800.0,301.634322,302.20795
1580718000.0,255.127318,255.58339
1578696000.0,111.650746,111.78374
1579663800.0,126.520047,126.92215
1580605200.0,105.260127,105.639755
1579141200.0,115.187111,115.549095
1584988800.0,100.27829,100.47301
1579098000.0,228.919254,229.29874
1584237000.0,84.25735,84.48796
1584126600.0,103.968354,104.15241
1583826000.0,272.438487,272.97852
1578997200.0,249.320073,249.76698
1582246200.0,97.820357,98.07391
1584289200.0,205.443593,205.70032
1580778000.0,104.548708,104.90888
1581301800.0,104.469922,104.755875
1578291600.0,236.934809,237.35492
1583824200.0,273.932687,274.45502
1582549200.0,253.544654,253.94994
1583034600.0,88.693749,88.62762
1582687800.0,94.572063,94.48595
1582736400.0,165.271057,165.55469
1584306600.0,94.996791,95.227806
1585362600.0,71.61495,71.603546
1582072800.0,98.787915,99.05167
1583577600.0,265.058577,265.4251
1580726400.0,253.64514,254.10767
1582239600.0,100.214858,100.45543
1582336200.0,96.836031,97.02457
1580755200.0,130.356742,130.58752
1578712200.0,126.042153,126.288635
1581733800.0,101.470861,101.692444
1585023600.0,22.72322,21.979527
1580017800.0,234.826384,235.23848
1581629400.0,106.327481,106.48699
1583073000.0,246.033495,246.43884
1580071200.0,115.177289,115.34221
1584851400.0,10.4952,10.569234
1577917200.0,113.204675,113.35634
1581339600.0,248.177382,248.54575
1585197600.0,353.373005,354.10315
1583252400.0,200.490422,200.7394
1578316200.0,237.526467,237.68707
1581933000.0,259.491837,259.9311
1578093000.0,111.786605,111.88172
1584727200.0,109.378151,109.54253
1581501600.0,257.528758,257.99945
1579247400.0,248.985858,249.5051
1584371400.0,247.944965,248.4041
1584925200.0,82.916509,83.16153
1578589800.0,164.907691,165.02083
1584609600.0,272.446465,273.00418
1583262600.0,110.119643,110.38545
1580230200.0,175.951533,176.3085
1582980600.0,256.325006,256.76135
1581676800.0,257.11993,257.59067
1580682000.0,107.425441,107.62947
1583154000.0,256.467265,256.90378
1582264200.0,258.979846,259.5193
1583753400.0,263.991429,264.37906
1580477400.0,241.632996,242.02289
1579562400.0,108.951776,109.19063
1581411600.0,258.11039,258.54068
1582436400.0,260.446916,260.97342
1584232800.0,87.704212,87.95098
1584582600.0,81.871825,82.124374
1584889800.0,253.164868,253.63574
1583274600.0,96.699414,96.948166
1580896200.0,255.446179,255.92583
1577836800.0,111.751519,111.729324
1581249000.0,252.614874,253.02846
1580759400.0,118.07833,118.33562
1584918000.0,88.077352,88.36605
1579901400.0,112.117337,112.23092
1583559000.0,282.230875,282.69995
1582971000.0,263.382613,263.71982
1582033200.0,247.256208,247.62158
1585108200.0,49.403458,49.038254
1580941200.0,106.554592,106.763016
1583080800.0,181.716459,182.00334
1579974600.0,148.17534,148.4931
1580148000.0,144.161579,144.55362
1585001400.0,89.415639,89.71081
1583758200.0,260.138656,260.58362
1583160000.0,244.787969,245.1983
1580644800.0,249.883864,250.29619
1580442000.0,123.663567,124.06358
1580967600.0,239.040447,239.52367
1581199800.0,106.042389,106.23211
1583484000.0,268.356001,268.87616
1583013600.0,99.008537,99.25004
1580680800.0,108.26761,108.43692
1579415400.0,241.865304,242.14482
1583385600.0,281.36549,281.8368
1579326600.0,231.29851,231.64095
1581801600.0,106.188473,106.3427
1581888600.0,105.2771,105.4379
1577966400.0,243.177793,243.34474
1581738600.0,111.692123,111.739975
1580160000.0,112.003614,112.129005
1584207600.0,122.705865,123.12978
1585653600.0,272.870538,273.4113
1578356400.0,111.230655,111.3437
1581618000.0,131.527587,131.76262
1577862600.0,243.590282,244.12358
1577847000.0,124.441826,124.52828
1579686000.0,251.680832,252.13867
1582497000.0,100.118388,100.35739
1578966600.0,113.130896,113.45943
1585228200.0,266.870299,267.2824
1583074200.0,242.136872,242.55264
1584401400.0,89.454407,89.712456
1585669200.0,256.404482,256.8835
1581913200.0,126.700637,126.62301
1584311400.0,91.939025,92.19016
1579539000.0,175.278924,175.6157
1581803400.0,104.624489,104.800545
1584138000.0,93.095205,93.336296
1584022800.0,253.887721,254.32613
1585150800.0,248.07452,248.56702
1580856000.0,106.131728,106.353935
1577992200.0,129.791899,129.92499
1583665200.0,264.739334,265.09045
1585640400.0,283.211745,283.68573
1579318800.0,133.006104,133.49048
1579308600.0,109.581164,109.91496
1578156000.0,177.472698,177.57709
1581713400.0,108.481989,108.63318
1583519400.0,114.969596,115.26696
1580294400.0,252.230663,252.67398
1584239400.0,81.218285,81.50355
1585447200.0,74.890456,74.90953
1585020000.0,64.144362,64.39973
1585051800.0,268.410506,268.82416
1582605000.0,113.811907,113.41
1585144200.0,264.251768,264.71152
1581849600.0,257.79672,258.26144
1579701000.0,236.109504,236.48436
1578183000.0,111.399101,111.4624
1585143000.0,265.395989,265.8376
1583611800.0,101.985953,102.15118
1582059600.0,106.308643,106.46066
1582342800.0,100.287743,100.21219
1585011600.0,82.424756,82.66641
1578293400.0,241.88421,242.42029
1580815800.0,252.039663,252.46211
1578314400.0,240.599151,240.7932
1582280400.0,260.150485,260.5834
1580866200.0,104.612427,104.989746
1581027600.0,106.254091,106.463486
1581089400.0,218.147158,218.61462
1584397200.0,91.888741,92.13668
1584682800.0,296.137441,296.62878
1579001400.0,246.795936,247.19507
1579624800.0,180.40662,180.7127
1580628600.0,253.365457,253.78882
1585695600.0,84.482166,84.7929
1585164600.0,95.062163,95.34624
1583586000.0,258.63432,259.0791
1583476200.0,273.460175,273.95132
1580005200.0,111.307911,111.76214
1581163200.0,251.747877,252.14612
1582819200.0,213.171037,213.39397
1585244400.0,107.383339,107.48929
1579651800.0,108.252413,108.5943
1579861800.0,251.22433,251.66035
1578461400.0,220.616613,220.97844
1579169400.0,249.917633,250.36905
1581855000.0,253.880317,254.29582
1582998600.0,132.05149,132.26405
1580700000.0,115.331187,115.699394
1579918800.0,111.735235,112.19336
1579645800.0,110.0357,110.19687
1579597800.0,251.596001,252.0655
1578412800.0,195.929386,196.25157
1582948800.0,90.099074,89.956894
1583460000.0,89.180414,89.33997
1584445200.0,266.72028,267.11313
1578366600.0,127.618014,127.82567
1584249000.0,306.828326,307.4272
1582188000.0,261.851831,262.25336
1585650600.0,274.504428,275.0785
1583040000.0,272.477911,272.93768
1580666400.0,142.577863,142.99509
1582752000.0,102.033464,102.23567
1583441400.0,100.344467,100.53515
1582156800.0,99.063916,99.32772
1579281000.0,165.502696,165.79285
1583709000.0,93.378972,93.62565
1582606200.0,232.313448,232.71071
1582749600.0,104.425622,104.601425
1580844600.0,120.471628,120.74096
1580411400.0,125.388613,125.61301
1580924400.0,149.650865,149.95653
1580060400.0,151.933296,152.25691
1584640200.0,113.172061,113.44373
1583427000.0,170.506261,170.85907
1578532800.0,112.556736,112.74064
1583677800.0,250.07847,250.49565
1582530000.0,264.337938,264.83896
1584145200.0,88.930484,89.17009
1581046800.0,117.371514,117.62322
1579129200.0,110.344124,110.50781
1582926600.0,99.819123,100.055885
1579821000.0,108.473998,108.70896
1580152800.0,124.516698,124.7655
1585260000.0,88.547624,88.87563
1581825000.0,110.367449,110.37499
1581821400.0,101.783657,101.95068
1584872400.0,271.455241,271.99646
1581767400.0,254.617622,255.04475
1578525000.0,111.224815,111.35248
1585435200.0,86.386873,86.71604
1584339600.0,282.817752,283.30014
1584549000.0,192.436099,192.68054
1581884400.0,110.124226,110.30302
1584566400.0,93.297058,93.55292
1585116600.0,291.894391,292.34918
1583271600.0,98.677642,98.90417
1580433600.0,106.305378,106.71005
1578640200.0,244.736852,245.3131
1585609200.0,84.877361,85.19004
1579655400.0,108.985804,109.3722
1580005800.0,112.274417,112.75844
1585393200.0,272.374338,272.92184
1579981200.0,121.997984,122.30173
1578737400.0,249.015556,249.45738
1584509400.0,298.104016,298.61737
1582108800.0,258.833488,259.28482
1580443200.0,133.670968,134.13832
1579364400.0,189.673315,190.12099
1582116000.0,253.061432,253.46338
1583249400.0,231.52101,231.85426
1583937600.0,250.337416,250.76782
1585263600.0,86.470318,86.78494
1584286800.0,236.898308,237.2917
1584159600.0,40.279825,41.71986
1584298800.0,103.780879,103.96786
1580350800.0,109.515465,109.9534
1584549600.0,175.72753,175.86375
1583449200.0,94.896251,95.14684
1580479200.0,237.530402,237.93814
1581621000.0,120.125269,120.3415
1585476600.0,274.460114,275.03055
1583507400.0,240.356078,240.80978
1581545400.0,104.753956,104.946594
1581951000.0,235.062709,235.52042
1581033000.0,103.839325,104.13191
1582523400.0,262.803085,263.3208
1580866800.0,104.858253,105.23145
1585141200.0,266.840137,267.24118
1583812800.0,68.690325,69.476295
1578720000.0,215.278656,215.51675
1580514600.0,105.692191,105.9951
1585139400.0,268.074926,268.46713
1583419800.0,244.589375,245.00395
1584015600.0,263.011023,263.43692
1583655000.0,270.24209,270.78265
1583150400.0,259.984594,260.41898
1584883200.0,264.41419,264.8553
1583666400.0,263.99804,264.37775
1579162800.0,249.824523,250.31842
1578183600.0,111.49859,111.56317
1578743400.0,245.152783,245.49858
1582069200.0,99.871648,100.13146
1580251200.0,108.061693,108.27239
1581672600.0,258.81349,259.25165
1579647000.0,109.415703,109.60592
1578085200.0,117.209516,117.3772
1584411000.0,81.575073,81.84051
1585134600.0,270.897269,271.41718
1584046200.0,97.246048,97.44673
1580428800.0,105.877057,106.19458
1578092400.0,111.966608,112.079056
1578209400.0,245.606144,246.1285
1579093200.0,240.436811,240.75862
1580476800.0,242.781533,243.17188
1579264800.0,242.771479,243.13188
1579826400.0,107.868303,108.25451
1579240800.0,234.282428,234.5861
1577995800.0,121.644289,121.72463
1581084000.0,240.13437,240.5406
1582735800.0,173.594216,173.94958
1584127200.0,102.94026,103.11293
1580840400.0,135.355238,135.69803
1579609200.0,245.304905,245.71461
1581897600.0,100.192038,100.461266
1583812200.0,72.930615,73.47985
1583323200.0,260.760449,261.19455
1579089600.0,245.303731,245.68361
1585418400.0,100.848877,101.06385
1579122000.0,115.839407,116.058075
1580160600.0,111.40307,111.53109
1583556000.0,2.9747,7.6218495
1580003400.0,109.236629,109.65958
1578486000.0,242.600396,242.86104
1578839400.0,226.023172,226.36646
1581203400.0,104.028309,104.28309
1583601600.0,142.115965,142.30844
1579521000.0,246.998601,247.4242
1581820200.0,100.848932,101.054085
1583235600.0,261.281155,261.7028
1579019400.0,184.059979,184.3307
1579956000.0,244.80275,245.21286
1582929600.0,97.890182,98.149994
1578253200.0,125.084751,125.20988
1583658000.0,268.605358,269.12735
1584516600.0,277.337427,277.8739
1581382200.0,101.898397,102.20182
1583296800.0,10.906911,15.087447
1580221800.0,231.043607,231.52301
1585196400.0,20.413528,19.133032
1584148200.0,86.907341,87.1478
1584055200.0,91.435462,91.68331
1580874000.0,119.270266,119.56034
1580642400.0,251.893415,252.3198
1580600400.0,105.540534,105.83018
1580602200.0,105.193854,105.51701
1585635600.0,293.94648,294.3567
1582734600.0,190.684169,190.99745
1581480000.0,119.963598,120.10532
1583910000.0,275.178896,275.69382
1583878200.0,94.662857,94.90747
1584383400.0,107.150867,107.33689
1581847200.0,258.906708,259.36017
1578714600.0,142.157328,142.50984
1580679600.0,109.250501,109.4023
1578062400.0,221.54239,221.72337
1582212600.0,224.285258,224.71536
1583821800.0,276.737327,277.22614
1579166400.0,250.478774,250.93355
1583880600.0,93.247744,93.49572
1584681000.0,313.645046,314.24918
1582522200.0,260.656848,261.17166
1583448600.0,95.227324,95.47789
1581097200.0,149.007366,149.31621
1579830600.0,109.964796,110.38887
1579272000.0,225.184712,225.62778
1584199200.0,243.52739,244.00511
1579327200.0,234.613009,234.89725
1585563000.0,274.835228,275.4071
1582093800.0,260.205509,260.74576
1581990000.0,98.888537,99.11711
1579064400.0,200.550992,200.88554
1582971600.0,263.080145,263.43127
1578589200.0,169.294476,169.52426
1578408000.0,222.459357,222.73499
1583068200.0,255.288456,255.71574
1584026400.0,241.868364,242.34966
1580469000.0,251.734736,252.1715
1582272600.0,262.605037,263.05884
1584535800.0,264.109646,264.528
1578867600.0,112.016687,112.156235
1584846000.0,71.184416,71.432205
1584145800.0,88.555561,88.794464
1580338800.0,107.217427,107.45592
1580560800.0,246.850222,247.25237
1583499600.0,258.196122,258.64017
1580639400.0,253.643364,254.10782
1582216800.0,182.538882,182.81326
1583004600.0,109.265842,109.5125
1581967200.0,116.673086,116.922615
1584134400.0,95.421458,95.65075
1581643800.0,100.732893,101.005844
1580307600.0,233.384559,233.83047
1578470400.0,247.659736,248.1594
1578524400.0,111.418041,111.55261
1585383000.0,279.626934,280.14957
1578999000.0,248.461026,248.89328
1581065400.0,256.713261,257.16125
1578455400.0,143.745402,144.0386
1582282800.0,258.850291,259.29208
1579953600.0,247.642305,248.07855
1583143800.0,264.136638,264.49005
1581505200.0,255.779,256.24338
1580521800.0,106.87755,107.2785
1579362600.0,203.112587,203.51677
1577894400.0,194.44983,194.64229
1579321200.0,159.982934,160.36496
1579350000.0,244.591233,244.9784
1580144400.0,170.63266,171.0926
1579180200.0,239.613555,239.94357
1584917400.0,88.430664,88.718376
1581889800.0,104.275747,104.45265
1580914800.0,226.997061,227.52957
1578462000.0,225.1962,225.65897
1579270200.0,231.37192,231.74095
1582763400.0,95.620176,95.86541
1578792000.0,111.923667,112.176956
1579271400.0,227.43056,227.85022
1583318400.0,263.929574,264.27722
1580171400.0,106.659496,107.03038
1581024000.0,109.196563,109.34647
1585465800.0,285.086714,285.55103
1582066800.0,100.932294,101.17035
1584090600.0,270.361482,270.90283
1585584000.0,246.220779,246.72902
1577838600.0,112.104236,112.05718
1582426200.0,96.548323,96.614006
1579797600.0,180.692299,181.00978
1582442400.0,263.883976,264.39447
1584264600.0,270.477376,271.01413
1581183000.0,153.406636,153.73068
1584126000.0,105.116024,105.320946
1581667800.0,259.450473,259.84512
1581801000.0,106.785172,106.93508
1579932000.0,237.566055,237.89589
1578100200.0,112.966152,113.01323
1580044200.0,242.298584,242.68925
1581758400.0,259.339769,259.75903
1584780600.0,274.486287,275.04987
1584709200.0,264.513118,264.93323
1583572200.0,267.880374,268.38596
1581085200.0,236.826865,237.26523
1582617600.0,264.622238,265.11304
1582525200.0,264.080576,264.6042
1577889600.0,221.122907,221.1886
1584832200.0,88.124125,88.40746
1579382400.0,113.962273,114.14858
1584162600.0,305.200282,305.795
1582861800.0,92.096112,91.948616
1582483800.0,118.735599,118.99367
1580599800.0,105.712914,105.99098
1578001200.0,114.839167,115.01102
1578605400.0,114.732602,114.93247
1580573400.0,198.073123,198.43433
1584237600.0,83.608762,83.843544
1579953000.0,248.224374,248.66524
1584698400.0,271.386392,271.92896
1580254800.0,106.674721,106.967476
1580808000.0,255.530737,256.00876
1582083000.0,102.621598,102.640656
1580539200.0,249.051537,249.35715
